INFO:root:Solving data/UUF50.218.1000/uuf50-010.cnf
INFO:root:Using DPLL with watched literals solver.
INFO:root:Number of Variables: 50
INFO:root:Number of Clauses: 218
INFO:root:Runtime: 0.0041 seconds
INFO:root:Memory used: 0.0000 KB
INFO:root:Solving data/UUF50.218.1000/uuf50-0101.cnf
INFO:root:Using DPLL with watched literals solver.
INFO:root:Number of Variables: 50
INFO:root:Number of Clauses: 218
INFO:root:Runtime: 0.0059 seconds
INFO:root:Memory used: 448.0000 KB
INFO:root:Solving data/UUF50.218.1000/uuf50-0100.cnf
INFO:root:Using DPLL with watched literals solver.
INFO:root:Number of Variables: 50
INFO:root:Number of Clauses: 218
INFO:root:Runtime: 0.0031 seconds
INFO:root:Memory used: 0.0000 KB
INFO:root:Solving data/UUF50.218.1000/uuf50-01.cnf
INFO:root:Using DPLL with watched literals solver.
INFO:root:Number of Variables: 50
INFO:root:Number of Clauses: 218
INFO:root:Runtime: 0.0045 seconds
INFO:root:Memory used: 0.0000 KB
INFO:root:Solving data/UUF50.218.1000/uuf50-01000.cnf
INFO:root:Using DPLL with watched literals solver.
INFO:root:Number of Variables: 50
INFO:root:Number of Clauses: 218
INFO:root:Runtime: 0.0043 seconds
INFO:root:Memory used: 0.0000 KB
INFO:root:Solving data/UUF50.218.1000/uuf50-0102.cnf
INFO:root:Using DPLL with watched literals solver.
INFO:root:Number of Variables: 50
INFO:root:Number of Clauses: 218
INFO:root:Runtime: 0.0052 seconds
INFO:root:Memory used: 0.0000 KB
INFO:root:Solving data/UUF50.218.1000/uuf50-0103.cnf
INFO:root:Using DPLL with watched literals solver.
INFO:root:Number of Variables: 50
INFO:root:Number of Clauses: 218
INFO:root:Runtime: 0.0044 seconds
INFO:root:Memory used: 0.0000 KB
INFO:root:Solving data/UUF50.218.1000/uuf50-0104.cnf
INFO:root:Using DPLL with watched literals solver.
INFO:root:Number of Variables: 50
INFO:root:Number of Clauses: 218
INFO:root:Runtime: 0.0051 seconds
INFO:root:Memory used: 0.0000 KB
INFO:root:Solving data/UUF50.218.1000/uuf50-0105.cnf
INFO:root:Using DPLL with watched literals solver.
INFO:root:Number of Variables: 50
INFO:root:Number of Clauses: 218
INFO:root:Runtime: 0.0037 seconds
INFO:root:Memory used: 0.0000 KB
INFO:root:Solving data/UUF50.218.1000/uuf50-0106.cnf
INFO:root:Using DPLL with watched literals solver.
INFO:root:Number of Variables: 50
INFO:root:Number of Clauses: 218
INFO:root:Runtime: 0.0040 seconds
INFO:root:Memory used: 0.0000 KB
INFO:root:Solving data/UUF50.218.1000/uuf50-0107.cnf
INFO:root:Using DPLL with watched literals solver.
INFO:root:Number of Variables: 50
INFO:root:Number of Clauses: 218
INFO:root:Runtime: 0.0056 seconds
INFO:root:Memory used: 0.0000 KB
INFO:root:Solving data/UUF50.218.1000/uuf50-0108.cnf
INFO:root:Using DPLL with watched literals solver.
INFO:root:Number of Variables: 50
INFO:root:Number of Clauses: 218
INFO:root:Runtime: 0.0037 seconds
INFO:root:Memory used: 0.0000 KB
INFO:root:Solving data/UUF50.218.1000/uuf50-0109.cnf
INFO:root:Using DPLL with watched literals solver.
INFO:root:Number of Variables: 50
INFO:root:Number of Clauses: 218
INFO:root:Runtime: 0.0036 seconds
INFO:root:Memory used: 0.0000 KB
INFO:root:Solving data/UUF50.218.1000/uuf50-011.cnf
INFO:root:Using DPLL with watched literals solver.
INFO:root:Number of Variables: 50
INFO:root:Number of Clauses: 218
INFO:root:Runtime: 0.0034 seconds
INFO:root:Memory used: 0.0000 KB
INFO:root:Solving data/UUF50.218.1000/uuf50-0110.cnf
INFO:root:Using DPLL with watched literals solver.
INFO:root:Number of Variables: 50
INFO:root:Number of Clauses: 218
INFO:root:Runtime: 0.0063 seconds
INFO:root:Memory used: 0.0000 KB
INFO:root:Solving data/UUF50.218.1000/uuf50-0111.cnf
INFO:root:Using DPLL with watched literals solver.
INFO:root:Number of Variables: 50
INFO:root:Number of Clauses: 218
INFO:root:Runtime: 0.0046 seconds
INFO:root:Memory used: 0.0000 KB
INFO:root:Solving data/UUF50.218.1000/uuf50-0112.cnf
INFO:root:Using DPLL with watched literals solver.
INFO:root:Number of Variables: 50
INFO:root:Number of Clauses: 218
INFO:root:Runtime: 0.0037 seconds
INFO:root:Memory used: 0.0000 KB
INFO:root:Solving data/UUF50.218.1000/uuf50-0113.cnf
INFO:root:Using DPLL with watched literals solver.
INFO:root:Number of Variables: 50
INFO:root:Number of Clauses: 218
INFO:root:Runtime: 0.0054 seconds
INFO:root:Memory used: 0.0000 KB
INFO:root:Solving data/UUF50.218.1000/uuf50-0114.cnf
INFO:root:Using DPLL with watched literals solver.
INFO:root:Number of Variables: 50
INFO:root:Number of Clauses: 218
INFO:root:Runtime: 0.0041 seconds
INFO:root:Memory used: 0.0000 KB
INFO:root:Solving data/UUF50.218.1000/uuf50-0116.cnf
INFO:root:Using DPLL with watched literals solver.
INFO:root:Number of Variables: 50
INFO:root:Number of Clauses: 218
INFO:root:Runtime: 0.0040 seconds
INFO:root:Memory used: 0.0000 KB
INFO:root:Solving data/UUF50.218.1000/uuf50-0115.cnf
INFO:root:Using DPLL with watched literals solver.
INFO:root:Number of Variables: 50
INFO:root:Number of Clauses: 218
INFO:root:Runtime: 0.0045 seconds
INFO:root:Memory used: 0.0000 KB
INFO:root:Solving data/UUF50.218.1000/uuf50-0117.cnf
INFO:root:Using DPLL with watched literals solver.
INFO:root:Number of Variables: 50
INFO:root:Number of Clauses: 218
INFO:root:Runtime: 0.0039 seconds
INFO:root:Memory used: 0.0000 KB
INFO:root:Solving data/UUF50.218.1000/uuf50-0118.cnf
INFO:root:Using DPLL with watched literals solver.
INFO:root:Number of Variables: 50
INFO:root:Number of Clauses: 218
INFO:root:Runtime: 0.0048 seconds
INFO:root:Memory used: 0.0000 KB
INFO:root:Solving data/UUF50.218.1000/uuf50-0119.cnf
INFO:root:Using DPLL with watched literals solver.
INFO:root:Number of Variables: 50
INFO:root:Number of Clauses: 218
INFO:root:Runtime: 0.0060 seconds
INFO:root:Memory used: 0.0000 KB
INFO:root:Solving data/UUF50.218.1000/uuf50-012.cnf
INFO:root:Using DPLL with watched literals solver.
INFO:root:Number of Variables: 50
INFO:root:Number of Clauses: 218
INFO:root:Runtime: 0.0045 seconds
INFO:root:Memory used: 0.0000 KB
INFO:root:Solving data/UUF50.218.1000/uuf50-0120.cnf
INFO:root:Using DPLL with watched literals solver.
INFO:root:Number of Variables: 50
INFO:root:Number of Clauses: 218
INFO:root:Runtime: 0.0047 seconds
INFO:root:Memory used: 0.0000 KB
INFO:root:Solving data/UUF50.218.1000/uuf50-0121.cnf
INFO:root:Using DPLL with watched literals solver.
INFO:root:Number of Variables: 50
INFO:root:Number of Clauses: 218
INFO:root:Runtime: 0.0036 seconds
INFO:root:Memory used: 0.0000 KB
INFO:root:Solving data/UUF50.218.1000/uuf50-0122.cnf
INFO:root:Using DPLL with watched literals solver.
INFO:root:Number of Variables: 50
INFO:root:Number of Clauses: 218
INFO:root:Runtime: 0.0041 seconds
INFO:root:Memory used: 0.0000 KB
INFO:root:Solving data/UUF50.218.1000/uuf50-0123.cnf
INFO:root:Using DPLL with watched literals solver.
INFO:root:Number of Variables: 50
INFO:root:Number of Clauses: 218
INFO:root:Runtime: 0.0060 seconds
INFO:root:Memory used: 0.0000 KB
INFO:root:Solving data/UUF50.218.1000/uuf50-0124.cnf
INFO:root:Using DPLL with watched literals solver.
INFO:root:Number of Variables: 50
INFO:root:Number of Clauses: 218
INFO:root:Runtime: 0.0056 seconds
INFO:root:Memory used: 0.0000 KB
INFO:root:Solving data/UUF50.218.1000/uuf50-0125.cnf
INFO:root:Using DPLL with watched literals solver.
INFO:root:Number of Variables: 50
INFO:root:Number of Clauses: 218
INFO:root:Runtime: 0.0029 seconds
INFO:root:Memory used: 0.0000 KB
INFO:root:Solving data/UUF50.218.1000/uuf50-0126.cnf
INFO:root:Using DPLL with watched literals solver.
INFO:root:Number of Variables: 50
INFO:root:Number of Clauses: 218
INFO:root:Runtime: 0.0031 seconds
INFO:root:Memory used: 0.0000 KB
INFO:root:Solving data/UUF50.218.1000/uuf50-0127.cnf
INFO:root:Using DPLL with watched literals solver.
INFO:root:Number of Variables: 50
INFO:root:Number of Clauses: 218
INFO:root:Runtime: 0.0063 seconds
INFO:root:Memory used: 0.0000 KB
INFO:root:Solving data/UUF50.218.1000/uuf50-0128.cnf
INFO:root:Using DPLL with watched literals solver.
INFO:root:Number of Variables: 50
INFO:root:Number of Clauses: 218
INFO:root:Runtime: 0.0047 seconds
INFO:root:Memory used: 0.0000 KB
INFO:root:Solving data/UUF50.218.1000/uuf50-013.cnf
INFO:root:Using DPLL with watched literals solver.
INFO:root:Number of Variables: 50
INFO:root:Number of Clauses: 218
INFO:root:Runtime: 0.0033 seconds
INFO:root:Memory used: 0.0000 KB
INFO:root:Solving data/UUF50.218.1000/uuf50-0129.cnf
INFO:root:Using DPLL with watched literals solver.
INFO:root:Number of Variables: 50
INFO:root:Number of Clauses: 218
INFO:root:Runtime: 0.0032 seconds
INFO:root:Memory used: 0.0000 KB
INFO:root:Solving data/UUF50.218.1000/uuf50-0130.cnf
INFO:root:Using DPLL with watched literals solver.
INFO:root:Number of Variables: 50
INFO:root:Number of Clauses: 218
INFO:root:Runtime: 0.0052 seconds
INFO:root:Memory used: 0.0000 KB
INFO:root:Solving data/UUF50.218.1000/uuf50-0131.cnf
INFO:root:Using DPLL with watched literals solver.
INFO:root:Number of Variables: 50
INFO:root:Number of Clauses: 218
INFO:root:Runtime: 0.0049 seconds
INFO:root:Memory used: 0.0000 KB
INFO:root:Solving data/UUF50.218.1000/uuf50-0132.cnf
INFO:root:Using DPLL with watched literals solver.
INFO:root:Number of Variables: 50
INFO:root:Number of Clauses: 218
INFO:root:Runtime: 0.0049 seconds
INFO:root:Memory used: 0.0000 KB
INFO:root:Solving data/UUF50.218.1000/uuf50-0134.cnf
INFO:root:Using DPLL with watched literals solver.
INFO:root:Number of Variables: 50
INFO:root:Number of Clauses: 218
INFO:root:Runtime: 0.0031 seconds
INFO:root:Memory used: 0.0000 KB
INFO:root:Solving data/UUF50.218.1000/uuf50-0135.cnf
INFO:root:Using DPLL with watched literals solver.
INFO:root:Number of Variables: 50
INFO:root:Number of Clauses: 218
INFO:root:Runtime: 0.0049 seconds
INFO:root:Memory used: 0.0000 KB
INFO:root:Solving data/UUF50.218.1000/uuf50-0133.cnf
INFO:root:Using DPLL with watched literals solver.
INFO:root:Number of Variables: 50
INFO:root:Number of Clauses: 218
INFO:root:Runtime: 0.0042 seconds
INFO:root:Memory used: 0.0000 KB
INFO:root:Solving data/UUF50.218.1000/uuf50-0136.cnf
INFO:root:Using DPLL with watched literals solver.
INFO:root:Number of Variables: 50
INFO:root:Number of Clauses: 218
INFO:root:Runtime: 0.0036 seconds
INFO:root:Memory used: 0.0000 KB
INFO:root:Solving data/UUF50.218.1000/uuf50-0138.cnf
INFO:root:Using DPLL with watched literals solver.
INFO:root:Number of Variables: 50
INFO:root:Number of Clauses: 218
INFO:root:Runtime: 0.0027 seconds
INFO:root:Memory used: 0.0000 KB
INFO:root:Solving data/UUF50.218.1000/uuf50-0137.cnf
INFO:root:Using DPLL with watched literals solver.
INFO:root:Number of Variables: 50
INFO:root:Number of Clauses: 218
INFO:root:Runtime: 0.0035 seconds
INFO:root:Memory used: 0.0000 KB
INFO:root:Solving data/UUF50.218.1000/uuf50-0139.cnf
INFO:root:Using DPLL with watched literals solver.
INFO:root:Number of Variables: 50
INFO:root:Number of Clauses: 218
INFO:root:Runtime: 0.0040 seconds
INFO:root:Memory used: 0.0000 KB
INFO:root:Solving data/UUF50.218.1000/uuf50-014.cnf
INFO:root:Using DPLL with watched literals solver.
INFO:root:Number of Variables: 50
INFO:root:Number of Clauses: 218
INFO:root:Runtime: 0.0037 seconds
INFO:root:Memory used: 0.0000 KB
INFO:root:Solving data/UUF50.218.1000/uuf50-0141.cnf
INFO:root:Using DPLL with watched literals solver.
INFO:root:Number of Variables: 50
INFO:root:Number of Clauses: 218
INFO:root:Runtime: 0.0041 seconds
INFO:root:Memory used: 0.0000 KB
INFO:root:Solving data/UUF50.218.1000/uuf50-0140.cnf
INFO:root:Using DPLL with watched literals solver.
INFO:root:Number of Variables: 50
INFO:root:Number of Clauses: 218
INFO:root:Runtime: 0.0028 seconds
INFO:root:Memory used: 0.0000 KB
INFO:root:Solving data/UUF50.218.1000/uuf50-0142.cnf
INFO:root:Using DPLL with watched literals solver.
INFO:root:Number of Variables: 50
INFO:root:Number of Clauses: 218
INFO:root:Runtime: 0.0054 seconds
INFO:root:Memory used: 0.0000 KB
INFO:root:Solving data/UUF50.218.1000/uuf50-0144.cnf
INFO:root:Using DPLL with watched literals solver.
INFO:root:Number of Variables: 50
INFO:root:Number of Clauses: 218
INFO:root:Runtime: 0.0046 seconds
INFO:root:Memory used: 0.0000 KB
INFO:root:Solving data/UUF50.218.1000/uuf50-0145.cnf
INFO:root:Using DPLL with watched literals solver.
INFO:root:Number of Variables: 50
INFO:root:Number of Clauses: 218
INFO:root:Runtime: 0.0028 seconds
INFO:root:Memory used: 0.0000 KB
INFO:root:Solving data/UUF50.218.1000/uuf50-0143.cnf
INFO:root:Using DPLL with watched literals solver.
INFO:root:Number of Variables: 50
INFO:root:Number of Clauses: 218
INFO:root:Runtime: 0.0043 seconds
INFO:root:Memory used: 0.0000 KB
INFO:root:Solving data/UUF50.218.1000/uuf50-0146.cnf
INFO:root:Using DPLL with watched literals solver.
INFO:root:Number of Variables: 50
INFO:root:Number of Clauses: 218
INFO:root:Runtime: 0.0023 seconds
INFO:root:Memory used: 0.0000 KB
INFO:root:Solving data/UUF50.218.1000/uuf50-0147.cnf
INFO:root:Using DPLL with watched literals solver.
INFO:root:Number of Variables: 50
INFO:root:Number of Clauses: 218
INFO:root:Runtime: 0.0048 seconds
INFO:root:Memory used: 0.0000 KB
INFO:root:Solving data/UUF50.218.1000/uuf50-0148.cnf
INFO:root:Using DPLL with watched literals solver.
INFO:root:Number of Variables: 50
INFO:root:Number of Clauses: 218
INFO:root:Runtime: 0.0051 seconds
INFO:root:Memory used: 0.0000 KB
INFO:root:Solving data/UUF50.218.1000/uuf50-0149.cnf
INFO:root:Using DPLL with watched literals solver.
INFO:root:Number of Variables: 50
INFO:root:Number of Clauses: 218
INFO:root:Runtime: 0.0035 seconds
INFO:root:Memory used: 0.0000 KB
INFO:root:Solving data/UUF50.218.1000/uuf50-015.cnf
INFO:root:Using DPLL with watched literals solver.
INFO:root:Number of Variables: 50
INFO:root:Number of Clauses: 218
INFO:root:Runtime: 0.0033 seconds
INFO:root:Memory used: 0.0000 KB
INFO:root:Solving data/UUF50.218.1000/uuf50-0150.cnf
INFO:root:Using DPLL with watched literals solver.
INFO:root:Number of Variables: 50
INFO:root:Number of Clauses: 218
INFO:root:Runtime: 0.0050 seconds
INFO:root:Memory used: 0.0000 KB
INFO:root:Solving data/UUF50.218.1000/uuf50-0151.cnf
INFO:root:Using DPLL with watched literals solver.
INFO:root:Number of Variables: 50
INFO:root:Number of Clauses: 218
INFO:root:Runtime: 0.0028 seconds
INFO:root:Memory used: 0.0000 KB
INFO:root:Solving data/UUF50.218.1000/uuf50-0152.cnf
INFO:root:Using DPLL with watched literals solver.
INFO:root:Number of Variables: 50
INFO:root:Number of Clauses: 218
INFO:root:Runtime: 0.0043 seconds
INFO:root:Memory used: 0.0000 KB
INFO:root:Solving data/UUF50.218.1000/uuf50-0153.cnf
INFO:root:Using DPLL with watched literals solver.
INFO:root:Number of Variables: 50
INFO:root:Number of Clauses: 218
INFO:root:Runtime: 0.0053 seconds
INFO:root:Memory used: 0.0000 KB
INFO:root:Solving data/UUF50.218.1000/uuf50-0155.cnf
INFO:root:Using DPLL with watched literals solver.
INFO:root:Number of Variables: 50
INFO:root:Number of Clauses: 218
INFO:root:Runtime: 0.0045 seconds
INFO:root:Memory used: 0.0000 KB
INFO:root:Solving data/UUF50.218.1000/uuf50-0154.cnf
INFO:root:Using DPLL with watched literals solver.
INFO:root:Number of Variables: 50
INFO:root:Number of Clauses: 218
INFO:root:Runtime: 0.0048 seconds
INFO:root:Memory used: 0.0000 KB
INFO:root:Solving data/UUF50.218.1000/uuf50-0156.cnf
INFO:root:Using DPLL with watched literals solver.
INFO:root:Number of Variables: 50
INFO:root:Number of Clauses: 218
INFO:root:Runtime: 0.0033 seconds
INFO:root:Memory used: 0.0000 KB
INFO:root:Solving data/UUF50.218.1000/uuf50-0157.cnf
INFO:root:Using DPLL with watched literals solver.
INFO:root:Number of Variables: 50
INFO:root:Number of Clauses: 218
INFO:root:Runtime: 0.0040 seconds
INFO:root:Memory used: 0.0000 KB
INFO:root:Solving data/UUF50.218.1000/uuf50-0159.cnf
INFO:root:Using DPLL with watched literals solver.
INFO:root:Number of Variables: 50
INFO:root:Number of Clauses: 218
INFO:root:Runtime: 0.0039 seconds
INFO:root:Memory used: 0.0000 KB
INFO:root:Solving data/UUF50.218.1000/uuf50-0158.cnf
INFO:root:Using DPLL with watched literals solver.
INFO:root:Number of Variables: 50
INFO:root:Number of Clauses: 218
INFO:root:Runtime: 0.0045 seconds
INFO:root:Memory used: 0.0000 KB
INFO:root:Solving data/UUF50.218.1000/uuf50-0160.cnf
INFO:root:Using DPLL with watched literals solver.
INFO:root:Number of Variables: 50
INFO:root:Number of Clauses: 218
INFO:root:Runtime: 0.0056 seconds
INFO:root:Memory used: 0.0000 KB
INFO:root:Solving data/UUF50.218.1000/uuf50-016.cnf
INFO:root:Using DPLL with watched literals solver.
INFO:root:Number of Variables: 50
INFO:root:Number of Clauses: 218
INFO:root:Runtime: 0.0027 seconds
INFO:root:Memory used: 0.0000 KB
INFO:root:Solving data/UUF50.218.1000/uuf50-0161.cnf
INFO:root:Using DPLL with watched literals solver.
INFO:root:Number of Variables: 50
INFO:root:Number of Clauses: 218
INFO:root:Runtime: 0.0036 seconds
INFO:root:Memory used: 0.0000 KB
INFO:root:Solving data/UUF50.218.1000/uuf50-0162.cnf
INFO:root:Using DPLL with watched literals solver.
INFO:root:Number of Variables: 50
INFO:root:Number of Clauses: 218
INFO:root:Runtime: 0.0062 seconds
INFO:root:Memory used: 0.0000 KB
INFO:root:Solving data/UUF50.218.1000/uuf50-0163.cnf
INFO:root:Using DPLL with watched literals solver.
INFO:root:Number of Variables: 50
INFO:root:Number of Clauses: 218
INFO:root:Runtime: 0.0051 seconds
INFO:root:Memory used: 0.0000 KB
INFO:root:Solving data/UUF50.218.1000/uuf50-0164.cnf
INFO:root:Using DPLL with watched literals solver.
INFO:root:Number of Variables: 50
INFO:root:Number of Clauses: 218
INFO:root:Runtime: 0.0046 seconds
INFO:root:Memory used: 0.0000 KB
INFO:root:Solving data/UUF50.218.1000/uuf50-0165.cnf
INFO:root:Using DPLL with watched literals solver.
INFO:root:Number of Variables: 50
INFO:root:Number of Clauses: 218
INFO:root:Runtime: 0.0042 seconds
INFO:root:Memory used: 0.0000 KB
INFO:root:Solving data/UUF50.218.1000/uuf50-0166.cnf
INFO:root:Using DPLL with watched literals solver.
INFO:root:Number of Variables: 50
INFO:root:Number of Clauses: 218
INFO:root:Runtime: 0.0044 seconds
INFO:root:Memory used: 0.0000 KB
INFO:root:Solving data/UUF50.218.1000/uuf50-0167.cnf
INFO:root:Using DPLL with watched literals solver.
INFO:root:Number of Variables: 50
INFO:root:Number of Clauses: 218
INFO:root:Runtime: 0.0038 seconds
INFO:root:Memory used: 0.0000 KB
INFO:root:Solving data/UUF50.218.1000/uuf50-0168.cnf
INFO:root:Using DPLL with watched literals solver.
INFO:root:Number of Variables: 50
INFO:root:Number of Clauses: 218
INFO:root:Runtime: 0.0042 seconds
INFO:root:Memory used: 0.0000 KB
INFO:root:Solving data/UUF50.218.1000/uuf50-0169.cnf
INFO:root:Using DPLL with watched literals solver.
INFO:root:Number of Variables: 50
INFO:root:Number of Clauses: 218
INFO:root:Runtime: 0.0025 seconds
INFO:root:Memory used: 0.0000 KB
INFO:root:Solving data/UUF50.218.1000/uuf50-017.cnf
INFO:root:Using DPLL with watched literals solver.
INFO:root:Number of Variables: 50
INFO:root:Number of Clauses: 218
INFO:root:Runtime: 0.0034 seconds
INFO:root:Memory used: 0.0000 KB
INFO:root:Solving data/UUF50.218.1000/uuf50-0170.cnf
INFO:root:Using DPLL with watched literals solver.
INFO:root:Number of Variables: 50
INFO:root:Number of Clauses: 218
INFO:root:Runtime: 0.0039 seconds
INFO:root:Memory used: 0.0000 KB
INFO:root:Solving data/UUF50.218.1000/uuf50-0171.cnf
INFO:root:Using DPLL with watched literals solver.
INFO:root:Number of Variables: 50
INFO:root:Number of Clauses: 218
INFO:root:Runtime: 0.0056 seconds
INFO:root:Memory used: 0.0000 KB
INFO:root:Solving data/UUF50.218.1000/uuf50-0172.cnf
INFO:root:Using DPLL with watched literals solver.
INFO:root:Number of Variables: 50
INFO:root:Number of Clauses: 218
INFO:root:Runtime: 0.0029 seconds
INFO:root:Memory used: 0.0000 KB
INFO:root:Solving data/UUF50.218.1000/uuf50-0173.cnf
INFO:root:Using DPLL with watched literals solver.
INFO:root:Number of Variables: 50
INFO:root:Number of Clauses: 218
INFO:root:Runtime: 0.0041 seconds
INFO:root:Memory used: 0.0000 KB
INFO:root:Solving data/UUF50.218.1000/uuf50-0174.cnf
INFO:root:Using DPLL with watched literals solver.
INFO:root:Number of Variables: 50
INFO:root:Number of Clauses: 218
INFO:root:Runtime: 0.0041 seconds
INFO:root:Memory used: 0.0000 KB
INFO:root:Solving data/UUF50.218.1000/uuf50-0175.cnf
INFO:root:Using DPLL with watched literals solver.
INFO:root:Number of Variables: 50
INFO:root:Number of Clauses: 218
INFO:root:Runtime: 0.0061 seconds
INFO:root:Memory used: 0.0000 KB
INFO:root:Solving data/UUF50.218.1000/uuf50-0176.cnf
INFO:root:Using DPLL with watched literals solver.
INFO:root:Number of Variables: 50
INFO:root:Number of Clauses: 218
INFO:root:Runtime: 0.0050 seconds
INFO:root:Memory used: 0.0000 KB
INFO:root:Solving data/UUF50.218.1000/uuf50-0177.cnf
INFO:root:Using DPLL with watched literals solver.
INFO:root:Number of Variables: 50
INFO:root:Number of Clauses: 218
INFO:root:Runtime: 0.0043 seconds
INFO:root:Memory used: 0.0000 KB
INFO:root:Solving data/UUF50.218.1000/uuf50-0179.cnf
INFO:root:Using DPLL with watched literals solver.
INFO:root:Number of Variables: 50
INFO:root:Number of Clauses: 218
INFO:root:Runtime: 0.0032 seconds
INFO:root:Memory used: 0.0000 KB
INFO:root:Solving data/UUF50.218.1000/uuf50-0178.cnf
INFO:root:Using DPLL with watched literals solver.
INFO:root:Number of Variables: 50
INFO:root:Number of Clauses: 218
INFO:root:Runtime: 0.0050 seconds
INFO:root:Memory used: 0.0000 KB
INFO:root:Solving data/UUF50.218.1000/uuf50-018.cnf
INFO:root:Using DPLL with watched literals solver.
INFO:root:Number of Variables: 50
INFO:root:Number of Clauses: 218
INFO:root:Runtime: 0.0028 seconds
INFO:root:Memory used: 0.0000 KB
INFO:root:Solving data/UUF50.218.1000/uuf50-0180.cnf
INFO:root:Using DPLL with watched literals solver.
INFO:root:Number of Variables: 50
INFO:root:Number of Clauses: 218
INFO:root:Runtime: 0.0048 seconds
INFO:root:Memory used: 0.0000 KB
INFO:root:Solving data/UUF50.218.1000/uuf50-0183.cnf
INFO:root:Using DPLL with watched literals solver.
INFO:root:Number of Variables: 50
INFO:root:Number of Clauses: 218
INFO:root:Runtime: 0.0061 seconds
INFO:root:Memory used: 0.0000 KB
INFO:root:Solving data/UUF50.218.1000/uuf50-0181.cnf
INFO:root:Using DPLL with watched literals solver.
INFO:root:Number of Variables: 50
INFO:root:Number of Clauses: 218
INFO:root:Runtime: 0.0034 seconds
INFO:root:Memory used: 0.0000 KB
INFO:root:Solving data/UUF50.218.1000/uuf50-0182.cnf
INFO:root:Using DPLL with watched literals solver.
INFO:root:Number of Variables: 50
INFO:root:Number of Clauses: 218
INFO:root:Runtime: 0.0060 seconds
INFO:root:Memory used: 0.0000 KB
INFO:root:Solving data/UUF50.218.1000/uuf50-0185.cnf
INFO:root:Using DPLL with watched literals solver.
INFO:root:Number of Variables: 50
INFO:root:Number of Clauses: 218
INFO:root:Runtime: 0.0044 seconds
INFO:root:Memory used: 0.0000 KB
INFO:root:Solving data/UUF50.218.1000/uuf50-0184.cnf
INFO:root:Using DPLL with watched literals solver.
INFO:root:Number of Variables: 50
INFO:root:Number of Clauses: 218
INFO:root:Runtime: 0.0052 seconds
INFO:root:Memory used: 0.0000 KB
INFO:root:Solving data/UUF50.218.1000/uuf50-0186.cnf
INFO:root:Using DPLL with watched literals solver.
INFO:root:Number of Variables: 50
INFO:root:Number of Clauses: 218
INFO:root:Runtime: 0.0037 seconds
INFO:root:Memory used: 0.0000 KB
INFO:root:Solving data/UUF50.218.1000/uuf50-0187.cnf
INFO:root:Using DPLL with watched literals solver.
INFO:root:Number of Variables: 50
INFO:root:Number of Clauses: 218
INFO:root:Runtime: 0.0041 seconds
INFO:root:Memory used: 0.0000 KB
INFO:root:Solving data/UUF50.218.1000/uuf50-0188.cnf
INFO:root:Using DPLL with watched literals solver.
INFO:root:Number of Variables: 50
INFO:root:Number of Clauses: 218
INFO:root:Runtime: 0.0045 seconds
INFO:root:Memory used: 0.0000 KB
INFO:root:Solving data/UUF50.218.1000/uuf50-0189.cnf
INFO:root:Using DPLL with watched literals solver.
INFO:root:Number of Variables: 50
INFO:root:Number of Clauses: 218
INFO:root:Runtime: 0.0064 seconds
INFO:root:Memory used: 0.0000 KB
INFO:root:Solving data/UUF50.218.1000/uuf50-0190.cnf
INFO:root:Using DPLL with watched literals solver.
INFO:root:Number of Variables: 50
INFO:root:Number of Clauses: 218
INFO:root:Runtime: 0.0035 seconds
INFO:root:Memory used: 0.0000 KB
INFO:root:Solving data/UUF50.218.1000/uuf50-019.cnf
INFO:root:Using DPLL with watched literals solver.
INFO:root:Number of Variables: 50
INFO:root:Number of Clauses: 218
INFO:root:Runtime: 0.0032 seconds
INFO:root:Memory used: 0.0000 KB
INFO:root:Solving data/UUF50.218.1000/uuf50-0191.cnf
INFO:root:Using DPLL with watched literals solver.
INFO:root:Number of Variables: 50
INFO:root:Number of Clauses: 218
INFO:root:Runtime: 0.0052 seconds
INFO:root:Memory used: 0.0000 KB
INFO:root:Solving data/UUF50.218.1000/uuf50-0192.cnf
INFO:root:Using DPLL with watched literals solver.
INFO:root:Number of Variables: 50
INFO:root:Number of Clauses: 218
INFO:root:Runtime: 0.0052 seconds
INFO:root:Memory used: 0.0000 KB
INFO:root:Solving data/UUF50.218.1000/uuf50-0193.cnf
INFO:root:Using DPLL with watched literals solver.
INFO:root:Number of Variables: 50
INFO:root:Number of Clauses: 218
INFO:root:Runtime: 0.0031 seconds
INFO:root:Memory used: 0.0000 KB
INFO:root:Solving data/UUF50.218.1000/uuf50-0194.cnf
INFO:root:Using DPLL with watched literals solver.
INFO:root:Number of Variables: 50
INFO:root:Number of Clauses: 218
INFO:root:Runtime: 0.0066 seconds
INFO:root:Memory used: 0.0000 KB
INFO:root:Solving data/UUF50.218.1000/uuf50-0195.cnf
INFO:root:Using DPLL with watched literals solver.
INFO:root:Number of Variables: 50
INFO:root:Number of Clauses: 218
INFO:root:Runtime: 0.0069 seconds
INFO:root:Memory used: 0.0000 KB
INFO:root:Solving data/UUF50.218.1000/uuf50-0196.cnf
INFO:root:Using DPLL with watched literals solver.
INFO:root:Number of Variables: 50
INFO:root:Number of Clauses: 218
INFO:root:Runtime: 0.0038 seconds
INFO:root:Memory used: 0.0000 KB
INFO:root:Solving data/UUF50.218.1000/uuf50-0197.cnf
INFO:root:Using DPLL with watched literals solver.
INFO:root:Number of Variables: 50
INFO:root:Number of Clauses: 218
INFO:root:Runtime: 0.0042 seconds
INFO:root:Memory used: 0.0000 KB
INFO:root:Solving data/UUF50.218.1000/uuf50-0198.cnf
INFO:root:Using DPLL with watched literals solver.
INFO:root:Number of Variables: 50
INFO:root:Number of Clauses: 218
INFO:root:Runtime: 0.0020 seconds
INFO:root:Memory used: 0.0000 KB
INFO:root:Solving data/UUF50.218.1000/uuf50-0199.cnf
INFO:root:Using DPLL with watched literals solver.
INFO:root:Number of Variables: 50
INFO:root:Number of Clauses: 218
INFO:root:Runtime: 0.0059 seconds
INFO:root:Memory used: 0.0000 KB
INFO:root:Solving data/UUF50.218.1000/uuf50-020.cnf
INFO:root:Using DPLL with watched literals solver.
INFO:root:Number of Variables: 50
INFO:root:Number of Clauses: 218
INFO:root:Runtime: 0.0044 seconds
INFO:root:Memory used: 0.0000 KB
INFO:root:Solving data/UUF50.218.1000/uuf50-02.cnf
INFO:root:Using DPLL with watched literals solver.
INFO:root:Number of Variables: 50
INFO:root:Number of Clauses: 218
INFO:root:Runtime: 0.0032 seconds
INFO:root:Memory used: 0.0000 KB
INFO:root:Solving data/UUF50.218.1000/uuf50-0200.cnf
INFO:root:Using DPLL with watched literals solver.
INFO:root:Number of Variables: 50
INFO:root:Number of Clauses: 218
INFO:root:Runtime: 0.0035 seconds
INFO:root:Memory used: 0.0000 KB
INFO:root:Solving data/UUF50.218.1000/uuf50-0202.cnf
INFO:root:Using DPLL with watched literals solver.
INFO:root:Number of Variables: 50
INFO:root:Number of Clauses: 218
INFO:root:Runtime: 0.0059 seconds
INFO:root:Memory used: 0.0000 KB
INFO:root:Solving data/UUF50.218.1000/uuf50-0201.cnf
INFO:root:Using DPLL with watched literals solver.
INFO:root:Number of Variables: 50
INFO:root:Number of Clauses: 218
INFO:root:Runtime: 0.0030 seconds
INFO:root:Memory used: 0.0000 KB
INFO:root:Solving data/UUF50.218.1000/uuf50-0203.cnf
INFO:root:Using DPLL with watched literals solver.
INFO:root:Number of Variables: 50
INFO:root:Number of Clauses: 218
INFO:root:Runtime: 0.0057 seconds
INFO:root:Memory used: 0.0000 KB
INFO:root:Solving data/UUF50.218.1000/uuf50-0205.cnf
INFO:root:Using DPLL with watched literals solver.
INFO:root:Number of Variables: 50
INFO:root:Number of Clauses: 218
INFO:root:Runtime: 0.0069 seconds
INFO:root:Memory used: 0.0000 KB
INFO:root:Solving data/UUF50.218.1000/uuf50-0204.cnf
INFO:root:Using DPLL with watched literals solver.
INFO:root:Number of Variables: 50
INFO:root:Number of Clauses: 218
INFO:root:Runtime: 0.0022 seconds
INFO:root:Memory used: 0.0000 KB
INFO:root:Solving data/UUF50.218.1000/uuf50-0206.cnf
INFO:root:Using DPLL with watched literals solver.
INFO:root:Number of Variables: 50
INFO:root:Number of Clauses: 218
INFO:root:Runtime: 0.0041 seconds
INFO:root:Memory used: 0.0000 KB
INFO:root:Solving data/UUF50.218.1000/uuf50-0207.cnf
INFO:root:Using DPLL with watched literals solver.
INFO:root:Number of Variables: 50
INFO:root:Number of Clauses: 218
INFO:root:Runtime: 0.0075 seconds
INFO:root:Memory used: 0.0000 KB
INFO:root:Solving data/UUF50.218.1000/uuf50-0208.cnf
INFO:root:Using DPLL with watched literals solver.
INFO:root:Number of Variables: 50
INFO:root:Number of Clauses: 218
INFO:root:Runtime: 0.0050 seconds
INFO:root:Memory used: 0.0000 KB
INFO:root:Solving data/UUF50.218.1000/uuf50-0209.cnf
INFO:root:Using DPLL with watched literals solver.
INFO:root:Number of Variables: 50
INFO:root:Number of Clauses: 218
INFO:root:Runtime: 0.0045 seconds
INFO:root:Memory used: 0.0000 KB
INFO:root:Solving data/UUF50.218.1000/uuf50-021.cnf
INFO:root:Using DPLL with watched literals solver.
INFO:root:Number of Variables: 50
INFO:root:Number of Clauses: 218
INFO:root:Runtime: 0.0078 seconds
INFO:root:Memory used: 0.0000 KB
INFO:root:Solving data/UUF50.218.1000/uuf50-0210.cnf
INFO:root:Using DPLL with watched literals solver.
INFO:root:Number of Variables: 50
INFO:root:Number of Clauses: 218
INFO:root:Runtime: 0.0051 seconds
INFO:root:Memory used: 0.0000 KB
INFO:root:Solving data/UUF50.218.1000/uuf50-0211.cnf
INFO:root:Using DPLL with watched literals solver.
INFO:root:Number of Variables: 50
INFO:root:Number of Clauses: 218
INFO:root:Runtime: 0.0048 seconds
INFO:root:Memory used: 0.0000 KB
INFO:root:Solving data/UUF50.218.1000/uuf50-0212.cnf
INFO:root:Using DPLL with watched literals solver.
INFO:root:Number of Variables: 50
INFO:root:Number of Clauses: 218
INFO:root:Runtime: 0.0026 seconds
INFO:root:Memory used: 0.0000 KB
INFO:root:Solving data/UUF50.218.1000/uuf50-0213.cnf
INFO:root:Using DPLL with watched literals solver.
INFO:root:Number of Variables: 50
INFO:root:Number of Clauses: 218
INFO:root:Runtime: 0.0039 seconds
INFO:root:Memory used: 0.0000 KB
INFO:root:Solving data/UUF50.218.1000/uuf50-0214.cnf
INFO:root:Using DPLL with watched literals solver.
INFO:root:Number of Variables: 50
INFO:root:Number of Clauses: 218
INFO:root:Runtime: 0.0037 seconds
INFO:root:Memory used: 0.0000 KB
INFO:root:Solving data/UUF50.218.1000/uuf50-0216.cnf
INFO:root:Using DPLL with watched literals solver.
INFO:root:Number of Variables: 50
INFO:root:Number of Clauses: 218
INFO:root:Runtime: 0.0036 seconds
INFO:root:Memory used: 0.0000 KB
INFO:root:Solving data/UUF50.218.1000/uuf50-0215.cnf
INFO:root:Using DPLL with watched literals solver.
INFO:root:Number of Variables: 50
INFO:root:Number of Clauses: 218
INFO:root:Runtime: 0.0046 seconds
INFO:root:Memory used: 0.0000 KB
INFO:root:Solving data/UUF50.218.1000/uuf50-0217.cnf
INFO:root:Using DPLL with watched literals solver.
INFO:root:Number of Variables: 50
INFO:root:Number of Clauses: 218
INFO:root:Runtime: 0.0033 seconds
INFO:root:Memory used: 0.0000 KB
INFO:root:Solving data/UUF50.218.1000/uuf50-0218.cnf
INFO:root:Using DPLL with watched literals solver.
INFO:root:Number of Variables: 50
INFO:root:Number of Clauses: 218
INFO:root:Runtime: 0.0048 seconds
INFO:root:Memory used: 0.0000 KB
INFO:root:Solving data/UUF50.218.1000/uuf50-0219.cnf
INFO:root:Using DPLL with watched literals solver.
INFO:root:Number of Variables: 50
INFO:root:Number of Clauses: 218
INFO:root:Runtime: 0.0046 seconds
INFO:root:Memory used: 0.0000 KB
INFO:root:Solving data/UUF50.218.1000/uuf50-022.cnf
INFO:root:Using DPLL with watched literals solver.
INFO:root:Number of Variables: 50
INFO:root:Number of Clauses: 218
INFO:root:Runtime: 0.0049 seconds
INFO:root:Memory used: 0.0000 KB
INFO:root:Solving data/UUF50.218.1000/uuf50-0221.cnf
INFO:root:Using DPLL with watched literals solver.
INFO:root:Number of Variables: 50
INFO:root:Number of Clauses: 218
INFO:root:Runtime: 0.0027 seconds
INFO:root:Memory used: 0.0000 KB
INFO:root:Solving data/UUF50.218.1000/uuf50-0220.cnf
INFO:root:Using DPLL with watched literals solver.
INFO:root:Number of Variables: 50
INFO:root:Number of Clauses: 218
INFO:root:Runtime: 0.0026 seconds
INFO:root:Memory used: 0.0000 KB
INFO:root:Solving data/UUF50.218.1000/uuf50-0222.cnf
INFO:root:Using DPLL with watched literals solver.
INFO:root:Number of Variables: 50
INFO:root:Number of Clauses: 218
INFO:root:Runtime: 0.0025 seconds
INFO:root:Memory used: 0.0000 KB
INFO:root:Solving data/UUF50.218.1000/uuf50-0223.cnf
INFO:root:Using DPLL with watched literals solver.
INFO:root:Number of Variables: 50
INFO:root:Number of Clauses: 218
INFO:root:Runtime: 0.0051 seconds
INFO:root:Memory used: 0.0000 KB
INFO:root:Solving data/UUF50.218.1000/uuf50-0224.cnf
INFO:root:Using DPLL with watched literals solver.
INFO:root:Number of Variables: 50
INFO:root:Number of Clauses: 218
INFO:root:Runtime: 0.0052 seconds
INFO:root:Memory used: 0.0000 KB
INFO:root:Solving data/UUF50.218.1000/uuf50-0225.cnf
INFO:root:Using DPLL with watched literals solver.
INFO:root:Number of Variables: 50
INFO:root:Number of Clauses: 218
INFO:root:Runtime: 0.0031 seconds
INFO:root:Memory used: 0.0000 KB
INFO:root:Solving data/UUF50.218.1000/uuf50-0226.cnf
INFO:root:Using DPLL with watched literals solver.
INFO:root:Number of Variables: 50
INFO:root:Number of Clauses: 218
INFO:root:Runtime: 0.0061 seconds
INFO:root:Memory used: 0.0000 KB
INFO:root:Solving data/UUF50.218.1000/uuf50-0227.cnf
INFO:root:Using DPLL with watched literals solver.
INFO:root:Number of Variables: 50
INFO:root:Number of Clauses: 218
INFO:root:Runtime: 0.0032 seconds
INFO:root:Memory used: 0.0000 KB
INFO:root:Solving data/UUF50.218.1000/uuf50-0228.cnf
INFO:root:Using DPLL with watched literals solver.
INFO:root:Number of Variables: 50
INFO:root:Number of Clauses: 218
INFO:root:Runtime: 0.0073 seconds
INFO:root:Memory used: 0.0000 KB
INFO:root:Solving data/UUF50.218.1000/uuf50-0229.cnf
INFO:root:Using DPLL with watched literals solver.
INFO:root:Number of Variables: 50
INFO:root:Number of Clauses: 218
INFO:root:Runtime: 0.0038 seconds
INFO:root:Memory used: 0.0000 KB
INFO:root:Solving data/UUF50.218.1000/uuf50-023.cnf
INFO:root:Using DPLL with watched literals solver.
INFO:root:Number of Variables: 50
INFO:root:Number of Clauses: 218
INFO:root:Runtime: 0.0056 seconds
INFO:root:Memory used: 0.0000 KB
INFO:root:Solving data/UUF50.218.1000/uuf50-0230.cnf
INFO:root:Using DPLL with watched literals solver.
INFO:root:Number of Variables: 50
INFO:root:Number of Clauses: 218
INFO:root:Runtime: 0.0053 seconds
INFO:root:Memory used: 0.0000 KB
INFO:root:Solving data/UUF50.218.1000/uuf50-0231.cnf
INFO:root:Using DPLL with watched literals solver.
INFO:root:Number of Variables: 50
INFO:root:Number of Clauses: 218
INFO:root:Runtime: 0.0044 seconds
INFO:root:Memory used: 0.0000 KB
INFO:root:Solving data/UUF50.218.1000/uuf50-0232.cnf
INFO:root:Using DPLL with watched literals solver.
INFO:root:Number of Variables: 50
INFO:root:Number of Clauses: 218
INFO:root:Runtime: 0.0040 seconds
INFO:root:Memory used: 0.0000 KB
INFO:root:Solving data/UUF50.218.1000/uuf50-0233.cnf
INFO:root:Using DPLL with watched literals solver.
INFO:root:Number of Variables: 50
INFO:root:Number of Clauses: 218
INFO:root:Runtime: 0.0038 seconds
INFO:root:Memory used: 0.0000 KB
INFO:root:Solving data/UUF50.218.1000/uuf50-0234.cnf
INFO:root:Using DPLL with watched literals solver.
INFO:root:Number of Variables: 50
INFO:root:Number of Clauses: 218
INFO:root:Runtime: 0.0028 seconds
INFO:root:Memory used: 0.0000 KB
INFO:root:Solving data/UUF50.218.1000/uuf50-0235.cnf
INFO:root:Using DPLL with watched literals solver.
INFO:root:Number of Variables: 50
INFO:root:Number of Clauses: 218
INFO:root:Runtime: 0.0039 seconds
INFO:root:Memory used: 0.0000 KB
INFO:root:Solving data/UUF50.218.1000/uuf50-0236.cnf
INFO:root:Using DPLL with watched literals solver.
INFO:root:Number of Variables: 50
INFO:root:Number of Clauses: 218
INFO:root:Runtime: 0.0035 seconds
INFO:root:Memory used: 0.0000 KB
INFO:root:Solving data/UUF50.218.1000/uuf50-0237.cnf
INFO:root:Using DPLL with watched literals solver.
INFO:root:Number of Variables: 50
INFO:root:Number of Clauses: 218
INFO:root:Runtime: 0.0040 seconds
INFO:root:Memory used: 0.0000 KB
INFO:root:Solving data/UUF50.218.1000/uuf50-0238.cnf
INFO:root:Using DPLL with watched literals solver.
INFO:root:Number of Variables: 50
INFO:root:Number of Clauses: 218
INFO:root:Runtime: 0.0038 seconds
INFO:root:Memory used: 0.0000 KB
INFO:root:Solving data/UUF50.218.1000/uuf50-0239.cnf
INFO:root:Using DPLL with watched literals solver.
INFO:root:Number of Variables: 50
INFO:root:Number of Clauses: 218
INFO:root:Runtime: 0.0029 seconds
INFO:root:Memory used: 0.0000 KB
INFO:root:Solving data/UUF50.218.1000/uuf50-024.cnf
INFO:root:Using DPLL with watched literals solver.
INFO:root:Number of Variables: 50
INFO:root:Number of Clauses: 218
INFO:root:Runtime: 0.0052 seconds
INFO:root:Memory used: 0.0000 KB
INFO:root:Solving data/UUF50.218.1000/uuf50-0240.cnf
INFO:root:Using DPLL with watched literals solver.
INFO:root:Number of Variables: 50
INFO:root:Number of Clauses: 218
INFO:root:Runtime: 0.0027 seconds
INFO:root:Memory used: 0.0000 KB
INFO:root:Solving data/UUF50.218.1000/uuf50-0242.cnf
INFO:root:Using DPLL with watched literals solver.
INFO:root:Number of Variables: 50
INFO:root:Number of Clauses: 218
INFO:root:Runtime: 0.0035 seconds
INFO:root:Memory used: 0.0000 KB
INFO:root:Solving data/UUF50.218.1000/uuf50-0241.cnf
INFO:root:Using DPLL with watched literals solver.
INFO:root:Number of Variables: 50
INFO:root:Number of Clauses: 218
INFO:root:Runtime: 0.0038 seconds
INFO:root:Memory used: 0.0000 KB
INFO:root:Solving data/UUF50.218.1000/uuf50-0243.cnf
INFO:root:Using DPLL with watched literals solver.
INFO:root:Number of Variables: 50
INFO:root:Number of Clauses: 218
INFO:root:Runtime: 0.0035 seconds
INFO:root:Memory used: 0.0000 KB
INFO:root:Solving data/UUF50.218.1000/uuf50-0244.cnf
INFO:root:Using DPLL with watched literals solver.
INFO:root:Number of Variables: 50
INFO:root:Number of Clauses: 218
INFO:root:Runtime: 0.0038 seconds
INFO:root:Memory used: 0.0000 KB
INFO:root:Solving data/UUF50.218.1000/uuf50-0245.cnf
INFO:root:Using DPLL with watched literals solver.
INFO:root:Number of Variables: 50
INFO:root:Number of Clauses: 218
INFO:root:Runtime: 0.0037 seconds
INFO:root:Memory used: 0.0000 KB
INFO:root:Solving data/UUF50.218.1000/uuf50-0246.cnf
INFO:root:Using DPLL with watched literals solver.
INFO:root:Number of Variables: 50
INFO:root:Number of Clauses: 218
INFO:root:Runtime: 0.0041 seconds
INFO:root:Memory used: 0.0000 KB
INFO:root:Solving data/UUF50.218.1000/uuf50-0247.cnf
INFO:root:Using DPLL with watched literals solver.
INFO:root:Number of Variables: 50
INFO:root:Number of Clauses: 218
INFO:root:Runtime: 0.0040 seconds
INFO:root:Memory used: 0.0000 KB
INFO:root:Solving data/UUF50.218.1000/uuf50-0248.cnf
INFO:root:Using DPLL with watched literals solver.
INFO:root:Number of Variables: 50
INFO:root:Number of Clauses: 218
INFO:root:Runtime: 0.0036 seconds
INFO:root:Memory used: 0.0000 KB
INFO:root:Solving data/UUF50.218.1000/uuf50-0249.cnf
INFO:root:Using DPLL with watched literals solver.
INFO:root:Number of Variables: 50
INFO:root:Number of Clauses: 218
INFO:root:Runtime: 0.0051 seconds
INFO:root:Memory used: 0.0000 KB
INFO:root:Solving data/UUF50.218.1000/uuf50-025.cnf
INFO:root:Using DPLL with watched literals solver.
INFO:root:Number of Variables: 50
INFO:root:Number of Clauses: 218
INFO:root:Runtime: 0.0033 seconds
INFO:root:Memory used: 0.0000 KB
INFO:root:Solving data/UUF50.218.1000/uuf50-0250.cnf
INFO:root:Using DPLL with watched literals solver.
INFO:root:Number of Variables: 50
INFO:root:Number of Clauses: 218
INFO:root:Runtime: 0.0024 seconds
INFO:root:Memory used: 0.0000 KB
INFO:root:Solving data/UUF50.218.1000/uuf50-0251.cnf
INFO:root:Using DPLL with watched literals solver.
INFO:root:Number of Variables: 50
INFO:root:Number of Clauses: 218
INFO:root:Runtime: 0.0057 seconds
INFO:root:Memory used: 0.0000 KB
INFO:root:Solving data/UUF50.218.1000/uuf50-0252.cnf
INFO:root:Using DPLL with watched literals solver.
INFO:root:Number of Variables: 50
INFO:root:Number of Clauses: 218
INFO:root:Runtime: 0.0081 seconds
INFO:root:Memory used: 0.0000 KB
INFO:root:Solving data/UUF50.218.1000/uuf50-0253.cnf
INFO:root:Using DPLL with watched literals solver.
INFO:root:Number of Variables: 50
INFO:root:Number of Clauses: 218
INFO:root:Runtime: 0.0034 seconds
INFO:root:Memory used: 0.0000 KB
INFO:root:Solving data/UUF50.218.1000/uuf50-0254.cnf
INFO:root:Using DPLL with watched literals solver.
INFO:root:Number of Variables: 50
INFO:root:Number of Clauses: 218
INFO:root:Runtime: 0.0051 seconds
INFO:root:Memory used: 0.0000 KB
INFO:root:Solving data/UUF50.218.1000/uuf50-0256.cnf
INFO:root:Using DPLL with watched literals solver.
INFO:root:Number of Variables: 50
INFO:root:Number of Clauses: 218
INFO:root:Runtime: 0.0057 seconds
INFO:root:Memory used: 0.0000 KB
INFO:root:Solving data/UUF50.218.1000/uuf50-0255.cnf
INFO:root:Using DPLL with watched literals solver.
INFO:root:Number of Variables: 50
INFO:root:Number of Clauses: 218
INFO:root:Runtime: 0.0043 seconds
INFO:root:Memory used: 0.0000 KB
INFO:root:Solving data/UUF50.218.1000/uuf50-0257.cnf
INFO:root:Using DPLL with watched literals solver.
INFO:root:Number of Variables: 50
INFO:root:Number of Clauses: 218
INFO:root:Runtime: 0.0072 seconds
INFO:root:Memory used: 0.0000 KB
INFO:root:Solving data/UUF50.218.1000/uuf50-0259.cnf
INFO:root:Using DPLL with watched literals solver.
INFO:root:Number of Variables: 50
INFO:root:Number of Clauses: 218
INFO:root:Runtime: 0.0038 seconds
INFO:root:Memory used: 0.0000 KB
INFO:root:Solving data/UUF50.218.1000/uuf50-0258.cnf
INFO:root:Using DPLL with watched literals solver.
INFO:root:Number of Variables: 50
INFO:root:Number of Clauses: 218
INFO:root:Runtime: 0.0030 seconds
INFO:root:Memory used: 0.0000 KB
INFO:root:Solving data/UUF50.218.1000/uuf50-026.cnf
INFO:root:Using DPLL with watched literals solver.
INFO:root:Number of Variables: 50
INFO:root:Number of Clauses: 218
INFO:root:Runtime: 0.0035 seconds
INFO:root:Memory used: 0.0000 KB
INFO:root:Solving data/UUF50.218.1000/uuf50-0260.cnf
INFO:root:Using DPLL with watched literals solver.
INFO:root:Number of Variables: 50
INFO:root:Number of Clauses: 218
INFO:root:Runtime: 0.0043 seconds
INFO:root:Memory used: 0.0000 KB
INFO:root:Solving data/UUF50.218.1000/uuf50-0261.cnf
INFO:root:Using DPLL with watched literals solver.
INFO:root:Number of Variables: 50
INFO:root:Number of Clauses: 218
INFO:root:Runtime: 0.0034 seconds
INFO:root:Memory used: 0.0000 KB
INFO:root:Solving data/UUF50.218.1000/uuf50-0262.cnf
INFO:root:Using DPLL with watched literals solver.
INFO:root:Number of Variables: 50
INFO:root:Number of Clauses: 218
INFO:root:Runtime: 0.0045 seconds
INFO:root:Memory used: 0.0000 KB
INFO:root:Solving data/UUF50.218.1000/uuf50-0264.cnf
INFO:root:Using DPLL with watched literals solver.
INFO:root:Number of Variables: 50
INFO:root:Number of Clauses: 218
INFO:root:Runtime: 0.0039 seconds
INFO:root:Memory used: 0.0000 KB
INFO:root:Solving data/UUF50.218.1000/uuf50-0263.cnf
INFO:root:Using DPLL with watched literals solver.
INFO:root:Number of Variables: 50
INFO:root:Number of Clauses: 218
INFO:root:Runtime: 0.0045 seconds
INFO:root:Memory used: 0.0000 KB
INFO:root:Solving data/UUF50.218.1000/uuf50-0265.cnf
INFO:root:Using DPLL with watched literals solver.
INFO:root:Number of Variables: 50
INFO:root:Number of Clauses: 218
INFO:root:Runtime: 0.0040 seconds
INFO:root:Memory used: 0.0000 KB
INFO:root:Solving data/UUF50.218.1000/uuf50-0267.cnf
INFO:root:Using DPLL with watched literals solver.
INFO:root:Number of Variables: 50
INFO:root:Number of Clauses: 218
INFO:root:Runtime: 0.0069 seconds
INFO:root:Memory used: 0.0000 KB
INFO:root:Solving data/UUF50.218.1000/uuf50-0266.cnf
INFO:root:Using DPLL with watched literals solver.
INFO:root:Number of Variables: 50
INFO:root:Number of Clauses: 218
INFO:root:Runtime: 0.0033 seconds
INFO:root:Memory used: 0.0000 KB
INFO:root:Solving data/UUF50.218.1000/uuf50-0268.cnf
INFO:root:Using DPLL with watched literals solver.
INFO:root:Number of Variables: 50
INFO:root:Number of Clauses: 218
INFO:root:Runtime: 0.0042 seconds
INFO:root:Memory used: 0.0000 KB
INFO:root:Solving data/UUF50.218.1000/uuf50-027.cnf
INFO:root:Using DPLL with watched literals solver.
INFO:root:Number of Variables: 50
INFO:root:Number of Clauses: 218
INFO:root:Runtime: 0.0041 seconds
INFO:root:Memory used: 0.0000 KB
INFO:root:Solving data/UUF50.218.1000/uuf50-0270.cnf
INFO:root:Using DPLL with watched literals solver.
INFO:root:Number of Variables: 50
INFO:root:Number of Clauses: 218
INFO:root:Runtime: 0.0030 seconds
INFO:root:Memory used: 0.0000 KB
INFO:root:Solving data/UUF50.218.1000/uuf50-0269.cnf
INFO:root:Using DPLL with watched literals solver.
INFO:root:Number of Variables: 50
INFO:root:Number of Clauses: 218
INFO:root:Runtime: 0.0037 seconds
INFO:root:Memory used: 0.0000 KB
INFO:root:Solving data/UUF50.218.1000/uuf50-0271.cnf
INFO:root:Using DPLL with watched literals solver.
INFO:root:Number of Variables: 50
INFO:root:Number of Clauses: 218
INFO:root:Runtime: 0.0046 seconds
INFO:root:Memory used: 0.0000 KB
INFO:root:Solving data/UUF50.218.1000/uuf50-0273.cnf
INFO:root:Using DPLL with watched literals solver.
INFO:root:Number of Variables: 50
INFO:root:Number of Clauses: 218
INFO:root:Runtime: 0.0039 seconds
INFO:root:Memory used: 0.0000 KB
INFO:root:Solving data/UUF50.218.1000/uuf50-0272.cnf
INFO:root:Using DPLL with watched literals solver.
INFO:root:Number of Variables: 50
INFO:root:Number of Clauses: 218
INFO:root:Runtime: 0.0033 seconds
INFO:root:Memory used: 0.0000 KB
INFO:root:Solving data/UUF50.218.1000/uuf50-0274.cnf
INFO:root:Using DPLL with watched literals solver.
INFO:root:Number of Variables: 50
INFO:root:Number of Clauses: 218
INFO:root:Runtime: 0.0024 seconds
INFO:root:Memory used: 0.0000 KB
INFO:root:Solving data/UUF50.218.1000/uuf50-0275.cnf
INFO:root:Using DPLL with watched literals solver.
INFO:root:Number of Variables: 50
INFO:root:Number of Clauses: 218
INFO:root:Runtime: 0.0063 seconds
INFO:root:Memory used: 0.0000 KB
INFO:root:Solving data/UUF50.218.1000/uuf50-0277.cnf
INFO:root:Using DPLL with watched literals solver.
INFO:root:Number of Variables: 50
INFO:root:Number of Clauses: 218
INFO:root:Runtime: 0.0030 seconds
INFO:root:Memory used: 0.0000 KB
INFO:root:Solving data/UUF50.218.1000/uuf50-0276.cnf
INFO:root:Using DPLL with watched literals solver.
INFO:root:Number of Variables: 50
INFO:root:Number of Clauses: 218
INFO:root:Runtime: 0.0044 seconds
INFO:root:Memory used: 0.0000 KB
INFO:root:Solving data/UUF50.218.1000/uuf50-0278.cnf
INFO:root:Using DPLL with watched literals solver.
INFO:root:Number of Variables: 50
INFO:root:Number of Clauses: 218
INFO:root:Runtime: 0.0033 seconds
INFO:root:Memory used: 0.0000 KB
INFO:root:Solving data/UUF50.218.1000/uuf50-0279.cnf
INFO:root:Using DPLL with watched literals solver.
INFO:root:Number of Variables: 50
INFO:root:Number of Clauses: 218
INFO:root:Runtime: 0.0030 seconds
INFO:root:Memory used: 0.0000 KB
INFO:root:Solving data/UUF50.218.1000/uuf50-028.cnf
INFO:root:Using DPLL with watched literals solver.
INFO:root:Number of Variables: 50
INFO:root:Number of Clauses: 218
INFO:root:Runtime: 0.0039 seconds
INFO:root:Memory used: 0.0000 KB
INFO:root:Solving data/UUF50.218.1000/uuf50-0280.cnf
INFO:root:Using DPLL with watched literals solver.
INFO:root:Number of Variables: 50
INFO:root:Number of Clauses: 218
INFO:root:Runtime: 0.0041 seconds
INFO:root:Memory used: 0.0000 KB
INFO:root:Solving data/UUF50.218.1000/uuf50-0281.cnf
INFO:root:Using DPLL with watched literals solver.
INFO:root:Number of Variables: 50
INFO:root:Number of Clauses: 218
INFO:root:Runtime: 0.0059 seconds
INFO:root:Memory used: 0.0000 KB
INFO:root:Solving data/UUF50.218.1000/uuf50-0283.cnf
INFO:root:Using DPLL with watched literals solver.
INFO:root:Number of Variables: 50
INFO:root:Number of Clauses: 218
INFO:root:Runtime: 0.0044 seconds
INFO:root:Memory used: 0.0000 KB
INFO:root:Solving data/UUF50.218.1000/uuf50-0282.cnf
INFO:root:Using DPLL with watched literals solver.
INFO:root:Number of Variables: 50
INFO:root:Number of Clauses: 218
INFO:root:Runtime: 0.0046 seconds
INFO:root:Memory used: 0.0000 KB
INFO:root:Solving data/UUF50.218.1000/uuf50-0284.cnf
INFO:root:Using DPLL with watched literals solver.
INFO:root:Number of Variables: 50
INFO:root:Number of Clauses: 218
INFO:root:Runtime: 0.0038 seconds
INFO:root:Memory used: 0.0000 KB
INFO:root:Solving data/UUF50.218.1000/uuf50-0285.cnf
INFO:root:Using DPLL with watched literals solver.
INFO:root:Number of Variables: 50
INFO:root:Number of Clauses: 218
INFO:root:Runtime: 0.0034 seconds
INFO:root:Memory used: 0.0000 KB
INFO:root:Solving data/UUF50.218.1000/uuf50-0286.cnf
INFO:root:Using DPLL with watched literals solver.
INFO:root:Number of Variables: 50
INFO:root:Number of Clauses: 218
INFO:root:Runtime: 0.0034 seconds
INFO:root:Memory used: 0.0000 KB
INFO:root:Solving data/UUF50.218.1000/uuf50-0287.cnf
INFO:root:Using DPLL with watched literals solver.
INFO:root:Number of Variables: 50
INFO:root:Number of Clauses: 218
INFO:root:Runtime: 0.0036 seconds
INFO:root:Memory used: 0.0000 KB
INFO:root:Solving data/UUF50.218.1000/uuf50-0288.cnf
INFO:root:Using DPLL with watched literals solver.
INFO:root:Number of Variables: 50
INFO:root:Number of Clauses: 218
INFO:root:Runtime: 0.0033 seconds
INFO:root:Memory used: 0.0000 KB
INFO:root:Solving data/UUF50.218.1000/uuf50-0289.cnf
INFO:root:Using DPLL with watched literals solver.
INFO:root:Number of Variables: 50
INFO:root:Number of Clauses: 218
INFO:root:Runtime: 0.0040 seconds
INFO:root:Memory used: 0.0000 KB
INFO:root:Solving data/UUF50.218.1000/uuf50-029.cnf
INFO:root:Using DPLL with watched literals solver.
INFO:root:Number of Variables: 50
INFO:root:Number of Clauses: 218
INFO:root:Runtime: 0.0046 seconds
INFO:root:Memory used: 0.0000 KB
INFO:root:Solving data/UUF50.218.1000/uuf50-0290.cnf
INFO:root:Using DPLL with watched literals solver.
INFO:root:Number of Variables: 50
INFO:root:Number of Clauses: 218
INFO:root:Runtime: 0.0027 seconds
INFO:root:Memory used: 0.0000 KB
INFO:root:Solving data/UUF50.218.1000/uuf50-0291.cnf
INFO:root:Using DPLL with watched literals solver.
INFO:root:Number of Variables: 50
INFO:root:Number of Clauses: 218
INFO:root:Runtime: 0.0050 seconds
INFO:root:Memory used: 0.0000 KB
INFO:root:Solving data/UUF50.218.1000/uuf50-0292.cnf
INFO:root:Using DPLL with watched literals solver.
INFO:root:Number of Variables: 50
INFO:root:Number of Clauses: 218
INFO:root:Runtime: 0.0035 seconds
INFO:root:Memory used: 0.0000 KB
INFO:root:Solving data/UUF50.218.1000/uuf50-0293.cnf
INFO:root:Using DPLL with watched literals solver.
INFO:root:Number of Variables: 50
INFO:root:Number of Clauses: 218
INFO:root:Runtime: 0.0032 seconds
INFO:root:Memory used: 0.0000 KB
INFO:root:Solving data/UUF50.218.1000/uuf50-0295.cnf
INFO:root:Using DPLL with watched literals solver.
INFO:root:Number of Variables: 50
INFO:root:Number of Clauses: 218
INFO:root:Runtime: 0.0060 seconds
INFO:root:Memory used: 0.0000 KB
INFO:root:Solving data/UUF50.218.1000/uuf50-0294.cnf
INFO:root:Using DPLL with watched literals solver.
INFO:root:Number of Variables: 50
INFO:root:Number of Clauses: 218
INFO:root:Runtime: 0.0037 seconds
INFO:root:Memory used: 0.0000 KB
INFO:root:Solving data/UUF50.218.1000/uuf50-0296.cnf
INFO:root:Using DPLL with watched literals solver.
INFO:root:Number of Variables: 50
INFO:root:Number of Clauses: 218
INFO:root:Runtime: 0.0029 seconds
INFO:root:Memory used: 0.0000 KB
INFO:root:Solving data/UUF50.218.1000/uuf50-0297.cnf
INFO:root:Using DPLL with watched literals solver.
INFO:root:Number of Variables: 50
INFO:root:Number of Clauses: 218
INFO:root:Runtime: 0.0080 seconds
INFO:root:Memory used: 0.0000 KB
INFO:root:Solving data/UUF50.218.1000/uuf50-0298.cnf
INFO:root:Using DPLL with watched literals solver.
INFO:root:Number of Variables: 50
INFO:root:Number of Clauses: 218
INFO:root:Runtime: 0.0034 seconds
INFO:root:Memory used: 0.0000 KB
INFO:root:Solving data/UUF50.218.1000/uuf50-0299.cnf
INFO:root:Using DPLL with watched literals solver.
INFO:root:Number of Variables: 50
INFO:root:Number of Clauses: 218
INFO:root:Runtime: 0.0052 seconds
INFO:root:Memory used: 0.0000 KB
INFO:root:Solving data/UUF50.218.1000/uuf50-03.cnf
INFO:root:Using DPLL with watched literals solver.
INFO:root:Number of Variables: 50
INFO:root:Number of Clauses: 218
INFO:root:Runtime: 0.0031 seconds
INFO:root:Memory used: 0.0000 KB
INFO:root:Solving data/UUF50.218.1000/uuf50-030.cnf
INFO:root:Using DPLL with watched literals solver.
INFO:root:Number of Variables: 50
INFO:root:Number of Clauses: 218
INFO:root:Runtime: 0.0024 seconds
INFO:root:Memory used: 0.0000 KB
INFO:root:Solving data/UUF50.218.1000/uuf50-0300.cnf
INFO:root:Using DPLL with watched literals solver.
INFO:root:Number of Variables: 50
INFO:root:Number of Clauses: 218
INFO:root:Runtime: 0.0043 seconds
INFO:root:Memory used: 0.0000 KB
INFO:root:Solving data/UUF50.218.1000/uuf50-0301.cnf
INFO:root:Using DPLL with watched literals solver.
INFO:root:Number of Variables: 50
INFO:root:Number of Clauses: 218
INFO:root:Runtime: 0.0055 seconds
INFO:root:Memory used: 0.0000 KB
INFO:root:Solving data/UUF50.218.1000/uuf50-0302.cnf
INFO:root:Using DPLL with watched literals solver.
INFO:root:Number of Variables: 50
INFO:root:Number of Clauses: 218
INFO:root:Runtime: 0.0036 seconds
INFO:root:Memory used: 0.0000 KB
INFO:root:Solving data/UUF50.218.1000/uuf50-0303.cnf
INFO:root:Using DPLL with watched literals solver.
INFO:root:Number of Variables: 50
INFO:root:Number of Clauses: 218
INFO:root:Runtime: 0.0033 seconds
INFO:root:Memory used: 0.0000 KB
INFO:root:Solving data/UUF50.218.1000/uuf50-0304.cnf
INFO:root:Using DPLL with watched literals solver.
INFO:root:Number of Variables: 50
INFO:root:Number of Clauses: 218
INFO:root:Runtime: 0.0060 seconds
INFO:root:Memory used: 0.0000 KB
INFO:root:Solving data/UUF50.218.1000/uuf50-0305.cnf
INFO:root:Using DPLL with watched literals solver.
INFO:root:Number of Variables: 50
INFO:root:Number of Clauses: 218
INFO:root:Runtime: 0.0030 seconds
INFO:root:Memory used: 0.0000 KB
INFO:root:Solving data/UUF50.218.1000/uuf50-0306.cnf
INFO:root:Using DPLL with watched literals solver.
INFO:root:Number of Variables: 50
INFO:root:Number of Clauses: 218
INFO:root:Runtime: 0.0034 seconds
INFO:root:Memory used: 0.0000 KB
INFO:root:Solving data/UUF50.218.1000/uuf50-0307.cnf
INFO:root:Using DPLL with watched literals solver.
INFO:root:Number of Variables: 50
INFO:root:Number of Clauses: 218
INFO:root:Runtime: 0.0038 seconds
INFO:root:Memory used: 0.0000 KB
INFO:root:Solving data/UUF50.218.1000/uuf50-0308.cnf
INFO:root:Using DPLL with watched literals solver.
INFO:root:Number of Variables: 50
INFO:root:Number of Clauses: 218
INFO:root:Runtime: 0.0034 seconds
INFO:root:Memory used: 0.0000 KB
INFO:root:Solving data/UUF50.218.1000/uuf50-0309.cnf
INFO:root:Using DPLL with watched literals solver.
INFO:root:Number of Variables: 50
INFO:root:Number of Clauses: 218
INFO:root:Runtime: 0.0036 seconds
INFO:root:Memory used: 0.0000 KB
INFO:root:Solving data/UUF50.218.1000/uuf50-031.cnf
INFO:root:Using DPLL with watched literals solver.
INFO:root:Number of Variables: 50
INFO:root:Number of Clauses: 218
INFO:root:Runtime: 0.0033 seconds
INFO:root:Memory used: 0.0000 KB
INFO:root:Solving data/UUF50.218.1000/uuf50-0311.cnf
INFO:root:Using DPLL with watched literals solver.
INFO:root:Number of Variables: 50
INFO:root:Number of Clauses: 218
INFO:root:Runtime: 0.0041 seconds
INFO:root:Memory used: 0.0000 KB
INFO:root:Solving data/UUF50.218.1000/uuf50-0310.cnf
INFO:root:Using DPLL with watched literals solver.
INFO:root:Number of Variables: 50
INFO:root:Number of Clauses: 218
INFO:root:Runtime: 0.0038 seconds
INFO:root:Memory used: 0.0000 KB
INFO:root:Solving data/UUF50.218.1000/uuf50-0313.cnf
INFO:root:Using DPLL with watched literals solver.
INFO:root:Number of Variables: 50
INFO:root:Number of Clauses: 218
INFO:root:Runtime: 0.0040 seconds
INFO:root:Memory used: 0.0000 KB
INFO:root:Solving data/UUF50.218.1000/uuf50-0312.cnf
INFO:root:Using DPLL with watched literals solver.
INFO:root:Number of Variables: 50
INFO:root:Number of Clauses: 218
INFO:root:Runtime: 0.0037 seconds
INFO:root:Memory used: 0.0000 KB
INFO:root:Solving data/UUF50.218.1000/uuf50-0314.cnf
INFO:root:Using DPLL with watched literals solver.
INFO:root:Number of Variables: 50
INFO:root:Number of Clauses: 218
INFO:root:Runtime: 0.0050 seconds
INFO:root:Memory used: 0.0000 KB
INFO:root:Solving data/UUF50.218.1000/uuf50-0315.cnf
INFO:root:Using DPLL with watched literals solver.
INFO:root:Number of Variables: 50
INFO:root:Number of Clauses: 218
INFO:root:Runtime: 0.0037 seconds
INFO:root:Memory used: 0.0000 KB
INFO:root:Solving data/UUF50.218.1000/uuf50-0317.cnf
INFO:root:Using DPLL with watched literals solver.
INFO:root:Number of Variables: 50
INFO:root:Number of Clauses: 218
INFO:root:Runtime: 0.0045 seconds
INFO:root:Memory used: 0.0000 KB
INFO:root:Solving data/UUF50.218.1000/uuf50-0316.cnf
INFO:root:Using DPLL with watched literals solver.
INFO:root:Number of Variables: 50
INFO:root:Number of Clauses: 218
INFO:root:Runtime: 0.0048 seconds
INFO:root:Memory used: 0.0000 KB
INFO:root:Solving data/UUF50.218.1000/uuf50-0318.cnf
INFO:root:Using DPLL with watched literals solver.
INFO:root:Number of Variables: 50
INFO:root:Number of Clauses: 218
INFO:root:Runtime: 0.0046 seconds
INFO:root:Memory used: 0.0000 KB
INFO:root:Solving data/UUF50.218.1000/uuf50-0319.cnf
INFO:root:Using DPLL with watched literals solver.
INFO:root:Number of Variables: 50
INFO:root:Number of Clauses: 218
INFO:root:Runtime: 0.0030 seconds
INFO:root:Memory used: 0.0000 KB
INFO:root:Solving data/UUF50.218.1000/uuf50-032.cnf
INFO:root:Using DPLL with watched literals solver.
INFO:root:Number of Variables: 50
INFO:root:Number of Clauses: 218
INFO:root:Runtime: 0.0030 seconds
INFO:root:Memory used: 0.0000 KB
INFO:root:Solving data/UUF50.218.1000/uuf50-0320.cnf
INFO:root:Using DPLL with watched literals solver.
INFO:root:Number of Variables: 50
INFO:root:Number of Clauses: 218
INFO:root:Runtime: 0.0035 seconds
INFO:root:Memory used: 0.0000 KB
INFO:root:Solving data/UUF50.218.1000/uuf50-0322.cnf
INFO:root:Using DPLL with watched literals solver.
INFO:root:Number of Variables: 50
INFO:root:Number of Clauses: 218
INFO:root:Runtime: 0.0070 seconds
INFO:root:Memory used: 0.0000 KB
INFO:root:Solving data/UUF50.218.1000/uuf50-0321.cnf
INFO:root:Using DPLL with watched literals solver.
INFO:root:Number of Variables: 50
INFO:root:Number of Clauses: 218
INFO:root:Runtime: 0.0030 seconds
INFO:root:Memory used: 0.0000 KB
INFO:root:Solving data/UUF50.218.1000/uuf50-0323.cnf
INFO:root:Using DPLL with watched literals solver.
INFO:root:Number of Variables: 50
INFO:root:Number of Clauses: 218
INFO:root:Runtime: 0.0044 seconds
INFO:root:Memory used: 0.0000 KB
INFO:root:Solving data/UUF50.218.1000/uuf50-0325.cnf
INFO:root:Using DPLL with watched literals solver.
INFO:root:Number of Variables: 50
INFO:root:Number of Clauses: 218
INFO:root:Runtime: 0.0047 seconds
INFO:root:Memory used: 0.0000 KB
INFO:root:Solving data/UUF50.218.1000/uuf50-0324.cnf
INFO:root:Using DPLL with watched literals solver.
INFO:root:Number of Variables: 50
INFO:root:Number of Clauses: 218
INFO:root:Runtime: 0.0074 seconds
INFO:root:Memory used: 0.0000 KB
INFO:root:Solving data/UUF50.218.1000/uuf50-0326.cnf
INFO:root:Using DPLL with watched literals solver.
INFO:root:Number of Variables: 50
INFO:root:Number of Clauses: 218
INFO:root:Runtime: 0.0060 seconds
INFO:root:Memory used: 0.0000 KB
INFO:root:Solving data/UUF50.218.1000/uuf50-0328.cnf
INFO:root:Using DPLL with watched literals solver.
INFO:root:Number of Variables: 50
INFO:root:Number of Clauses: 218
INFO:root:Runtime: 0.0039 seconds
INFO:root:Memory used: 0.0000 KB
INFO:root:Solving data/UUF50.218.1000/uuf50-0327.cnf
INFO:root:Using DPLL with watched literals solver.
INFO:root:Number of Variables: 50
INFO:root:Number of Clauses: 218
INFO:root:Runtime: 0.0037 seconds
INFO:root:Memory used: 0.0000 KB
INFO:root:Solving data/UUF50.218.1000/uuf50-0329.cnf
INFO:root:Using DPLL with watched literals solver.
INFO:root:Number of Variables: 50
INFO:root:Number of Clauses: 218
INFO:root:Runtime: 0.0059 seconds
INFO:root:Memory used: 0.0000 KB
INFO:root:Solving data/UUF50.218.1000/uuf50-033.cnf
INFO:root:Using DPLL with watched literals solver.
INFO:root:Number of Variables: 50
INFO:root:Number of Clauses: 218
INFO:root:Runtime: 0.0033 seconds
INFO:root:Memory used: 0.0000 KB
INFO:root:Solving data/UUF50.218.1000/uuf50-0330.cnf
INFO:root:Using DPLL with watched literals solver.
INFO:root:Number of Variables: 50
INFO:root:Number of Clauses: 218
INFO:root:Runtime: 0.0053 seconds
INFO:root:Memory used: 0.0000 KB
INFO:root:Solving data/UUF50.218.1000/uuf50-0331.cnf
INFO:root:Using DPLL with watched literals solver.
INFO:root:Number of Variables: 50
INFO:root:Number of Clauses: 218
INFO:root:Runtime: 0.0052 seconds
INFO:root:Memory used: 0.0000 KB
INFO:root:Solving data/UUF50.218.1000/uuf50-034.cnf
INFO:root:Using DPLL with watched literals solver.
INFO:root:Number of Variables: 50
INFO:root:Number of Clauses: 218
INFO:root:Runtime: 0.0057 seconds
INFO:root:Memory used: 0.0000 KB
INFO:root:Solving data/UUF50.218.1000/uuf50-0332.cnf
INFO:root:Using DPLL with watched literals solver.
INFO:root:Number of Variables: 50
INFO:root:Number of Clauses: 218
INFO:root:Runtime: 0.0069 seconds
INFO:root:Memory used: 0.0000 KB
INFO:root:Solving data/UUF50.218.1000/uuf50-0333.cnf
INFO:root:Using DPLL with watched literals solver.
INFO:root:Number of Variables: 50
INFO:root:Number of Clauses: 218
INFO:root:Runtime: 0.0044 seconds
INFO:root:Memory used: 0.0000 KB
INFO:root:Solving data/UUF50.218.1000/uuf50-0334.cnf
INFO:root:Using DPLL with watched literals solver.
INFO:root:Number of Variables: 50
INFO:root:Number of Clauses: 218
INFO:root:Runtime: 0.0040 seconds
INFO:root:Memory used: 0.0000 KB
INFO:root:Solving data/UUF50.218.1000/uuf50-0335.cnf
INFO:root:Using DPLL with watched literals solver.
INFO:root:Number of Variables: 50
INFO:root:Number of Clauses: 218
INFO:root:Runtime: 0.0060 seconds
INFO:root:Memory used: 0.0000 KB
INFO:root:Solving data/UUF50.218.1000/uuf50-0336.cnf
INFO:root:Using DPLL with watched literals solver.
INFO:root:Number of Variables: 50
INFO:root:Number of Clauses: 218
INFO:root:Runtime: 0.0087 seconds
INFO:root:Memory used: 0.0000 KB
INFO:root:Solving data/UUF50.218.1000/uuf50-0337.cnf
INFO:root:Using DPLL with watched literals solver.
INFO:root:Number of Variables: 50
INFO:root:Number of Clauses: 218
INFO:root:Runtime: 0.0039 seconds
INFO:root:Memory used: 0.0000 KB
INFO:root:Solving data/UUF50.218.1000/uuf50-0338.cnf
INFO:root:Using DPLL with watched literals solver.
INFO:root:Number of Variables: 50
INFO:root:Number of Clauses: 218
INFO:root:Runtime: 0.0079 seconds
INFO:root:Memory used: 0.0000 KB
INFO:root:Solving data/UUF50.218.1000/uuf50-0339.cnf
INFO:root:Using DPLL with watched literals solver.
INFO:root:Number of Variables: 50
INFO:root:Number of Clauses: 218
INFO:root:Runtime: 0.0038 seconds
INFO:root:Memory used: 0.0000 KB
INFO:root:Solving data/UUF50.218.1000/uuf50-0340.cnf
INFO:root:Using DPLL with watched literals solver.
INFO:root:Number of Variables: 50
INFO:root:Number of Clauses: 218
INFO:root:Runtime: 0.0048 seconds
INFO:root:Memory used: 0.0000 KB
INFO:root:Solving data/UUF50.218.1000/uuf50-0341.cnf
INFO:root:Using DPLL with watched literals solver.
INFO:root:Number of Variables: 50
INFO:root:Number of Clauses: 218
INFO:root:Runtime: 0.0037 seconds
INFO:root:Memory used: 0.0000 KB
INFO:root:Solving data/UUF50.218.1000/uuf50-0343.cnf
INFO:root:Using DPLL with watched literals solver.
INFO:root:Number of Variables: 50
INFO:root:Number of Clauses: 218
INFO:root:Runtime: 0.0055 seconds
INFO:root:Memory used: 0.0000 KB
INFO:root:Solving data/UUF50.218.1000/uuf50-0342.cnf
INFO:root:Using DPLL with watched literals solver.
INFO:root:Number of Variables: 50
INFO:root:Number of Clauses: 218
INFO:root:Runtime: 0.0042 seconds
INFO:root:Memory used: 0.0000 KB
INFO:root:Solving data/UUF50.218.1000/uuf50-0344.cnf
INFO:root:Using DPLL with watched literals solver.
INFO:root:Number of Variables: 50
INFO:root:Number of Clauses: 218
INFO:root:Runtime: 0.0105 seconds
INFO:root:Memory used: 0.0000 KB
INFO:root:Solving data/UUF50.218.1000/uuf50-0349.cnf
INFO:root:Using DPLL with watched literals solver.
INFO:root:Number of Variables: 50
INFO:root:Number of Clauses: 218
INFO:root:Runtime: 0.0050 seconds
INFO:root:Memory used: 0.0000 KB
INFO:root:Solving data/UUF50.218.1000/uuf50-0346.cnf
INFO:root:Using DPLL with watched literals solver.
INFO:root:Number of Variables: 50
INFO:root:Number of Clauses: 218
INFO:root:Runtime: 0.0031 seconds
INFO:root:Memory used: 0.0000 KB
INFO:root:Solving data/UUF50.218.1000/uuf50-0345.cnf
INFO:root:Using DPLL with watched literals solver.
INFO:root:Number of Variables: 50
INFO:root:Number of Clauses: 218
INFO:root:Runtime: 0.0046 seconds
INFO:root:Memory used: 0.0000 KB
INFO:root:Solving data/UUF50.218.1000/uuf50-0347.cnf
INFO:root:Using DPLL with watched literals solver.
INFO:root:Number of Variables: 50
INFO:root:Number of Clauses: 218
INFO:root:Runtime: 0.0045 seconds
INFO:root:Memory used: 0.0000 KB
INFO:root:Solving data/UUF50.218.1000/uuf50-0348.cnf
INFO:root:Using DPLL with watched literals solver.
INFO:root:Number of Variables: 50
INFO:root:Number of Clauses: 218
INFO:root:Runtime: 0.0040 seconds
INFO:root:Memory used: 0.0000 KB
INFO:root:Solving data/UUF50.218.1000/uuf50-035.cnf
INFO:root:Using DPLL with watched literals solver.
INFO:root:Number of Variables: 50
INFO:root:Number of Clauses: 218
INFO:root:Runtime: 0.0048 seconds
INFO:root:Memory used: 0.0000 KB
INFO:root:Solving data/UUF50.218.1000/uuf50-0350.cnf
INFO:root:Using DPLL with watched literals solver.
INFO:root:Number of Variables: 50
INFO:root:Number of Clauses: 218
INFO:root:Runtime: 0.0057 seconds
INFO:root:Memory used: 0.0000 KB
INFO:root:Solving data/UUF50.218.1000/uuf50-0351.cnf
INFO:root:Using DPLL with watched literals solver.
INFO:root:Number of Variables: 50
INFO:root:Number of Clauses: 218
INFO:root:Runtime: 0.0063 seconds
INFO:root:Memory used: 0.0000 KB
INFO:root:Solving data/UUF50.218.1000/uuf50-0352.cnf
INFO:root:Using DPLL with watched literals solver.
INFO:root:Number of Variables: 50
INFO:root:Number of Clauses: 218
INFO:root:Runtime: 0.0024 seconds
INFO:root:Memory used: 0.0000 KB
INFO:root:Solving data/UUF50.218.1000/uuf50-0356.cnf
INFO:root:Using DPLL with watched literals solver.
INFO:root:Number of Variables: 50
INFO:root:Number of Clauses: 218
INFO:root:Runtime: 0.0046 seconds
INFO:root:Memory used: 0.0000 KB
INFO:root:Solving data/UUF50.218.1000/uuf50-0354.cnf
INFO:root:Using DPLL with watched literals solver.
INFO:root:Number of Variables: 50
INFO:root:Number of Clauses: 218
INFO:root:Runtime: 0.0035 seconds
INFO:root:Memory used: 0.0000 KB
INFO:root:Solving data/UUF50.218.1000/uuf50-0353.cnf
INFO:root:Using DPLL with watched literals solver.
INFO:root:Number of Variables: 50
INFO:root:Number of Clauses: 218
INFO:root:Runtime: 0.0050 seconds
INFO:root:Memory used: 0.0000 KB
INFO:root:Solving data/UUF50.218.1000/uuf50-0355.cnf
INFO:root:Using DPLL with watched literals solver.
INFO:root:Number of Variables: 50
INFO:root:Number of Clauses: 218
INFO:root:Runtime: 0.0042 seconds
INFO:root:Memory used: 0.0000 KB
INFO:root:Solving data/UUF50.218.1000/uuf50-0357.cnf
INFO:root:Using DPLL with watched literals solver.
INFO:root:Number of Variables: 50
INFO:root:Number of Clauses: 218
INFO:root:Runtime: 0.0061 seconds
INFO:root:Memory used: 0.0000 KB
INFO:root:Solving data/UUF50.218.1000/uuf50-0359.cnf
INFO:root:Using DPLL with watched literals solver.
INFO:root:Number of Variables: 50
INFO:root:Number of Clauses: 218
INFO:root:Runtime: 0.0039 seconds
INFO:root:Memory used: 0.0000 KB
INFO:root:Solving data/UUF50.218.1000/uuf50-0358.cnf
INFO:root:Using DPLL with watched literals solver.
INFO:root:Number of Variables: 50
INFO:root:Number of Clauses: 218
INFO:root:Runtime: 0.0043 seconds
INFO:root:Memory used: 0.0000 KB
INFO:root:Solving data/UUF50.218.1000/uuf50-036.cnf
INFO:root:Using DPLL with watched literals solver.
INFO:root:Number of Variables: 50
INFO:root:Number of Clauses: 218
INFO:root:Runtime: 0.0033 seconds
INFO:root:Memory used: 0.0000 KB
INFO:root:Solving data/UUF50.218.1000/uuf50-0360.cnf
INFO:root:Using DPLL with watched literals solver.
INFO:root:Number of Variables: 50
INFO:root:Number of Clauses: 218
INFO:root:Runtime: 0.0025 seconds
INFO:root:Memory used: 0.0000 KB
INFO:root:Solving data/UUF50.218.1000/uuf50-0361.cnf
INFO:root:Using DPLL with watched literals solver.
INFO:root:Number of Variables: 50
INFO:root:Number of Clauses: 218
INFO:root:Runtime: 0.0029 seconds
INFO:root:Memory used: 0.0000 KB
INFO:root:Solving data/UUF50.218.1000/uuf50-0362.cnf
INFO:root:Using DPLL with watched literals solver.
INFO:root:Number of Variables: 50
INFO:root:Number of Clauses: 218
INFO:root:Runtime: 0.0094 seconds
INFO:root:Memory used: 0.0000 KB
INFO:root:Solving data/UUF50.218.1000/uuf50-0363.cnf
INFO:root:Using DPLL with watched literals solver.
INFO:root:Number of Variables: 50
INFO:root:Number of Clauses: 218
INFO:root:Runtime: 0.0052 seconds
INFO:root:Memory used: 0.0000 KB
INFO:root:Solving data/UUF50.218.1000/uuf50-0365.cnf
INFO:root:Using DPLL with watched literals solver.
INFO:root:Number of Variables: 50
INFO:root:Number of Clauses: 218
INFO:root:Runtime: 0.0043 seconds
INFO:root:Memory used: 0.0000 KB
INFO:root:Solving data/UUF50.218.1000/uuf50-0364.cnf
INFO:root:Using DPLL with watched literals solver.
INFO:root:Number of Variables: 50
INFO:root:Number of Clauses: 218
INFO:root:Runtime: 0.0049 seconds
INFO:root:Memory used: 0.0000 KB
INFO:root:Solving data/UUF50.218.1000/uuf50-0366.cnf
INFO:root:Using DPLL with watched literals solver.
INFO:root:Number of Variables: 50
INFO:root:Number of Clauses: 218
INFO:root:Runtime: 0.0039 seconds
INFO:root:Memory used: 0.0000 KB
INFO:root:Solving data/UUF50.218.1000/uuf50-0367.cnf
INFO:root:Using DPLL with watched literals solver.
INFO:root:Number of Variables: 50
INFO:root:Number of Clauses: 218
INFO:root:Runtime: 0.0044 seconds
INFO:root:Memory used: 0.0000 KB
INFO:root:Solving data/UUF50.218.1000/uuf50-0368.cnf
INFO:root:Using DPLL with watched literals solver.
INFO:root:Number of Variables: 50
INFO:root:Number of Clauses: 218
INFO:root:Runtime: 0.0040 seconds
INFO:root:Memory used: 0.0000 KB
INFO:root:Solving data/UUF50.218.1000/uuf50-0369.cnf
INFO:root:Using DPLL with watched literals solver.
INFO:root:Number of Variables: 50
INFO:root:Number of Clauses: 218
INFO:root:Runtime: 0.0048 seconds
INFO:root:Memory used: 0.0000 KB
INFO:root:Solving data/UUF50.218.1000/uuf50-037.cnf
INFO:root:Using DPLL with watched literals solver.
INFO:root:Number of Variables: 50
INFO:root:Number of Clauses: 218
INFO:root:Runtime: 0.0052 seconds
INFO:root:Memory used: 0.0000 KB
INFO:root:Solving data/UUF50.218.1000/uuf50-0370.cnf
INFO:root:Using DPLL with watched literals solver.
INFO:root:Number of Variables: 50
INFO:root:Number of Clauses: 218
INFO:root:Runtime: 0.0049 seconds
INFO:root:Memory used: 0.0000 KB
INFO:root:Solving data/UUF50.218.1000/uuf50-0371.cnf
INFO:root:Using DPLL with watched literals solver.
INFO:root:Number of Variables: 50
INFO:root:Number of Clauses: 218
INFO:root:Runtime: 0.0033 seconds
INFO:root:Memory used: 0.0000 KB
INFO:root:Solving data/UUF50.218.1000/uuf50-0372.cnf
INFO:root:Using DPLL with watched literals solver.
INFO:root:Number of Variables: 50
INFO:root:Number of Clauses: 218
INFO:root:Runtime: 0.0030 seconds
INFO:root:Memory used: 0.0000 KB
INFO:root:Solving data/UUF50.218.1000/uuf50-0373.cnf
INFO:root:Using DPLL with watched literals solver.
INFO:root:Number of Variables: 50
INFO:root:Number of Clauses: 218
INFO:root:Runtime: 0.0027 seconds
INFO:root:Memory used: 0.0000 KB
INFO:root:Solving data/UUF50.218.1000/uuf50-0374.cnf
INFO:root:Using DPLL with watched literals solver.
INFO:root:Number of Variables: 50
INFO:root:Number of Clauses: 218
INFO:root:Runtime: 0.0027 seconds
INFO:root:Memory used: 0.0000 KB
INFO:root:Solving data/UUF50.218.1000/uuf50-0375.cnf
INFO:root:Using DPLL with watched literals solver.
INFO:root:Number of Variables: 50
INFO:root:Number of Clauses: 218
INFO:root:Runtime: 0.0042 seconds
INFO:root:Memory used: 0.0000 KB
INFO:root:Solving data/UUF50.218.1000/uuf50-0376.cnf
INFO:root:Using DPLL with watched literals solver.
INFO:root:Number of Variables: 50
INFO:root:Number of Clauses: 218
INFO:root:Runtime: 0.0034 seconds
INFO:root:Memory used: 0.0000 KB
INFO:root:Solving data/UUF50.218.1000/uuf50-0377.cnf
INFO:root:Using DPLL with watched literals solver.
INFO:root:Number of Variables: 50
INFO:root:Number of Clauses: 218
INFO:root:Runtime: 0.0066 seconds
INFO:root:Memory used: 0.0000 KB
INFO:root:Solving data/UUF50.218.1000/uuf50-0378.cnf
INFO:root:Using DPLL with watched literals solver.
INFO:root:Number of Variables: 50
INFO:root:Number of Clauses: 218
INFO:root:Runtime: 0.0035 seconds
INFO:root:Memory used: 0.0000 KB
INFO:root:Solving data/UUF50.218.1000/uuf50-0379.cnf
INFO:root:Using DPLL with watched literals solver.
INFO:root:Number of Variables: 50
INFO:root:Number of Clauses: 218
INFO:root:Runtime: 0.0036 seconds
INFO:root:Memory used: 0.0000 KB
INFO:root:Solving data/UUF50.218.1000/uuf50-038.cnf
INFO:root:Using DPLL with watched literals solver.
INFO:root:Number of Variables: 50
INFO:root:Number of Clauses: 218
INFO:root:Runtime: 0.0020 seconds
INFO:root:Memory used: 0.0000 KB
INFO:root:Solving data/UUF50.218.1000/uuf50-0380.cnf
INFO:root:Using DPLL with watched literals solver.
INFO:root:Number of Variables: 50
INFO:root:Number of Clauses: 218
INFO:root:Runtime: 0.0043 seconds
INFO:root:Memory used: 0.0000 KB
INFO:root:Solving data/UUF50.218.1000/uuf50-0381.cnf
INFO:root:Using DPLL with watched literals solver.
INFO:root:Number of Variables: 50
INFO:root:Number of Clauses: 218
INFO:root:Runtime: 0.0038 seconds
INFO:root:Memory used: 0.0000 KB
INFO:root:Solving data/UUF50.218.1000/uuf50-0382.cnf
INFO:root:Using DPLL with watched literals solver.
INFO:root:Number of Variables: 50
INFO:root:Number of Clauses: 218
INFO:root:Runtime: 0.0036 seconds
INFO:root:Memory used: 0.0000 KB
INFO:root:Solving data/UUF50.218.1000/uuf50-0383.cnf
INFO:root:Using DPLL with watched literals solver.
INFO:root:Number of Variables: 50
INFO:root:Number of Clauses: 218
INFO:root:Runtime: 0.0032 seconds
INFO:root:Memory used: 0.0000 KB
INFO:root:Solving data/UUF50.218.1000/uuf50-0384.cnf
INFO:root:Using DPLL with watched literals solver.
INFO:root:Number of Variables: 50
INFO:root:Number of Clauses: 218
INFO:root:Runtime: 0.0034 seconds
INFO:root:Memory used: 0.0000 KB
INFO:root:Solving data/UUF50.218.1000/uuf50-0385.cnf
INFO:root:Using DPLL with watched literals solver.
INFO:root:Number of Variables: 50
INFO:root:Number of Clauses: 218
INFO:root:Runtime: 0.0028 seconds
INFO:root:Memory used: 0.0000 KB
INFO:root:Solving data/UUF50.218.1000/uuf50-0386.cnf
INFO:root:Using DPLL with watched literals solver.
INFO:root:Number of Variables: 50
INFO:root:Number of Clauses: 218
INFO:root:Runtime: 0.0065 seconds
INFO:root:Memory used: 0.0000 KB
INFO:root:Solving data/UUF50.218.1000/uuf50-0387.cnf
INFO:root:Using DPLL with watched literals solver.
INFO:root:Number of Variables: 50
INFO:root:Number of Clauses: 218
INFO:root:Runtime: 0.0031 seconds
INFO:root:Memory used: 0.0000 KB
INFO:root:Solving data/UUF50.218.1000/uuf50-0388.cnf
INFO:root:Using DPLL with watched literals solver.
INFO:root:Number of Variables: 50
INFO:root:Number of Clauses: 218
INFO:root:Runtime: 0.0024 seconds
INFO:root:Memory used: 0.0000 KB
INFO:root:Solving data/UUF50.218.1000/uuf50-0389.cnf
INFO:root:Using DPLL with watched literals solver.
INFO:root:Number of Variables: 50
INFO:root:Number of Clauses: 218
INFO:root:Runtime: 0.0033 seconds
INFO:root:Memory used: 0.0000 KB
INFO:root:Solving data/UUF50.218.1000/uuf50-0390.cnf
INFO:root:Using DPLL with watched literals solver.
INFO:root:Number of Variables: 50
INFO:root:Number of Clauses: 218
INFO:root:Runtime: 0.0022 seconds
INFO:root:Memory used: 0.0000 KB
INFO:root:Solving data/UUF50.218.1000/uuf50-0391.cnf
INFO:root:Using DPLL with watched literals solver.
INFO:root:Number of Variables: 50
INFO:root:Number of Clauses: 218
INFO:root:Runtime: 0.0049 seconds
INFO:root:Memory used: 0.0000 KB
INFO:root:Solving data/UUF50.218.1000/uuf50-039.cnf
INFO:root:Using DPLL with watched literals solver.
INFO:root:Number of Variables: 50
INFO:root:Number of Clauses: 218
INFO:root:Runtime: 0.0030 seconds
INFO:root:Memory used: 0.0000 KB
INFO:root:Solving data/UUF50.218.1000/uuf50-0393.cnf
INFO:root:Using DPLL with watched literals solver.
INFO:root:Number of Variables: 50
INFO:root:Number of Clauses: 218
INFO:root:Runtime: 0.0046 seconds
INFO:root:Memory used: 0.0000 KB
INFO:root:Solving data/UUF50.218.1000/uuf50-0392.cnf
INFO:root:Using DPLL with watched literals solver.
INFO:root:Number of Variables: 50
INFO:root:Number of Clauses: 218
INFO:root:Runtime: 0.0030 seconds
INFO:root:Memory used: 0.0000 KB
INFO:root:Solving data/UUF50.218.1000/uuf50-0394.cnf
INFO:root:Using DPLL with watched literals solver.
INFO:root:Number of Variables: 50
INFO:root:Number of Clauses: 218
INFO:root:Runtime: 0.0017 seconds
INFO:root:Memory used: 0.0000 KB
INFO:root:Solving data/UUF50.218.1000/uuf50-0396.cnf
INFO:root:Using DPLL with watched literals solver.
INFO:root:Number of Variables: 50
INFO:root:Number of Clauses: 218
INFO:root:Runtime: 0.0047 seconds
INFO:root:Memory used: 0.0000 KB
INFO:root:Solving data/UUF50.218.1000/uuf50-0395.cnf
INFO:root:Using DPLL with watched literals solver.
INFO:root:Number of Variables: 50
INFO:root:Number of Clauses: 218
INFO:root:Runtime: 0.0035 seconds
INFO:root:Memory used: 0.0000 KB
INFO:root:Solving data/UUF50.218.1000/uuf50-0397.cnf
INFO:root:Using DPLL with watched literals solver.
INFO:root:Number of Variables: 50
INFO:root:Number of Clauses: 218
INFO:root:Runtime: 0.0023 seconds
INFO:root:Memory used: 0.0000 KB
INFO:root:Solving data/UUF50.218.1000/uuf50-0398.cnf
INFO:root:Using DPLL with watched literals solver.
INFO:root:Number of Variables: 50
INFO:root:Number of Clauses: 218
INFO:root:Runtime: 0.0049 seconds
INFO:root:Memory used: 0.0000 KB
INFO:root:Solving data/UUF50.218.1000/uuf50-0399.cnf
INFO:root:Using DPLL with watched literals solver.
INFO:root:Number of Variables: 50
INFO:root:Number of Clauses: 218
INFO:root:Runtime: 0.0038 seconds
INFO:root:Memory used: 0.0000 KB
INFO:root:Solving data/UUF50.218.1000/uuf50-04.cnf
INFO:root:Using DPLL with watched literals solver.
INFO:root:Number of Variables: 50
INFO:root:Number of Clauses: 218
INFO:root:Runtime: 0.0046 seconds
INFO:root:Memory used: 0.0000 KB
INFO:root:Solving data/UUF50.218.1000/uuf50-040.cnf
INFO:root:Using DPLL with watched literals solver.
INFO:root:Number of Variables: 50
INFO:root:Number of Clauses: 218
INFO:root:Runtime: 0.0036 seconds
INFO:root:Memory used: 0.0000 KB
INFO:root:Solving data/UUF50.218.1000/uuf50-0400.cnf
INFO:root:Using DPLL with watched literals solver.
INFO:root:Number of Variables: 50
INFO:root:Number of Clauses: 218
INFO:root:Runtime: 0.0034 seconds
INFO:root:Memory used: 0.0000 KB
INFO:root:Solving data/UUF50.218.1000/uuf50-0401.cnf
INFO:root:Using DPLL with watched literals solver.
INFO:root:Number of Variables: 50
INFO:root:Number of Clauses: 218
INFO:root:Runtime: 0.0062 seconds
INFO:root:Memory used: 0.0000 KB
INFO:root:Solving data/UUF50.218.1000/uuf50-0402.cnf
INFO:root:Using DPLL with watched literals solver.
INFO:root:Number of Variables: 50
INFO:root:Number of Clauses: 218
INFO:root:Runtime: 0.0034 seconds
INFO:root:Memory used: 0.0000 KB
INFO:root:Solving data/UUF50.218.1000/uuf50-0403.cnf
INFO:root:Using DPLL with watched literals solver.
INFO:root:Number of Variables: 50
INFO:root:Number of Clauses: 218
INFO:root:Runtime: 0.0057 seconds
INFO:root:Memory used: 0.0000 KB
INFO:root:Solving data/UUF50.218.1000/uuf50-0404.cnf
INFO:root:Using DPLL with watched literals solver.
INFO:root:Number of Variables: 50
INFO:root:Number of Clauses: 218
INFO:root:Runtime: 0.0034 seconds
INFO:root:Memory used: 0.0000 KB
INFO:root:Solving data/UUF50.218.1000/uuf50-0405.cnf
INFO:root:Using DPLL with watched literals solver.
INFO:root:Number of Variables: 50
INFO:root:Number of Clauses: 218
INFO:root:Runtime: 0.0051 seconds
INFO:root:Memory used: 0.0000 KB
INFO:root:Solving data/UUF50.218.1000/uuf50-0406.cnf
INFO:root:Using DPLL with watched literals solver.
INFO:root:Number of Variables: 50
INFO:root:Number of Clauses: 218
INFO:root:Runtime: 0.0051 seconds
INFO:root:Memory used: 0.0000 KB
INFO:root:Solving data/UUF50.218.1000/uuf50-0407.cnf
INFO:root:Using DPLL with watched literals solver.
INFO:root:Number of Variables: 50
INFO:root:Number of Clauses: 218
INFO:root:Runtime: 0.0040 seconds
INFO:root:Memory used: 0.0000 KB
INFO:root:Solving data/UUF50.218.1000/uuf50-0408.cnf
INFO:root:Using DPLL with watched literals solver.
INFO:root:Number of Variables: 50
INFO:root:Number of Clauses: 218
INFO:root:Runtime: 0.0030 seconds
INFO:root:Memory used: 0.0000 KB
INFO:root:Solving data/UUF50.218.1000/uuf50-041.cnf
INFO:root:Using DPLL with watched literals solver.
INFO:root:Number of Variables: 50
INFO:root:Number of Clauses: 218
INFO:root:Runtime: 0.0059 seconds
INFO:root:Memory used: 0.0000 KB
INFO:root:Solving data/UUF50.218.1000/uuf50-0409.cnf
INFO:root:Using DPLL with watched literals solver.
INFO:root:Number of Variables: 50
INFO:root:Number of Clauses: 218
INFO:root:Runtime: 0.0040 seconds
INFO:root:Memory used: 0.0000 KB
INFO:root:Solving data/UUF50.218.1000/uuf50-0410.cnf
INFO:root:Using DPLL with watched literals solver.
INFO:root:Number of Variables: 50
INFO:root:Number of Clauses: 218
INFO:root:Runtime: 0.0062 seconds
INFO:root:Memory used: 0.0000 KB
INFO:root:Solving data/UUF50.218.1000/uuf50-0411.cnf
INFO:root:Using DPLL with watched literals solver.
INFO:root:Number of Variables: 50
INFO:root:Number of Clauses: 218
INFO:root:Runtime: 0.0037 seconds
INFO:root:Memory used: 0.0000 KB
INFO:root:Solving data/UUF50.218.1000/uuf50-0414.cnf
INFO:root:Using DPLL with watched literals solver.
INFO:root:Number of Variables: 50
INFO:root:Number of Clauses: 218
INFO:root:Runtime: 0.0047 seconds
INFO:root:Memory used: 0.0000 KB
INFO:root:Solving data/UUF50.218.1000/uuf50-0412.cnf
INFO:root:Using DPLL with watched literals solver.
INFO:root:Number of Variables: 50
INFO:root:Number of Clauses: 218
INFO:root:Runtime: 0.0033 seconds
INFO:root:Memory used: 0.0000 KB
INFO:root:Solving data/UUF50.218.1000/uuf50-0413.cnf
INFO:root:Using DPLL with watched literals solver.
INFO:root:Number of Variables: 50
INFO:root:Number of Clauses: 218
INFO:root:Runtime: 0.0034 seconds
INFO:root:Memory used: 0.0000 KB
INFO:root:Solving data/UUF50.218.1000/uuf50-0415.cnf
INFO:root:Using DPLL with watched literals solver.
INFO:root:Number of Variables: 50
INFO:root:Number of Clauses: 218
INFO:root:Runtime: 0.0021 seconds
INFO:root:Memory used: 0.0000 KB
INFO:root:Solving data/UUF50.218.1000/uuf50-0418.cnf
INFO:root:Using DPLL with watched literals solver.
INFO:root:Number of Variables: 50
INFO:root:Number of Clauses: 218
INFO:root:Runtime: 0.0042 seconds
INFO:root:Memory used: 0.0000 KB
INFO:root:Solving data/UUF50.218.1000/uuf50-0417.cnf
INFO:root:Using DPLL with watched literals solver.
INFO:root:Number of Variables: 50
INFO:root:Number of Clauses: 218
INFO:root:Runtime: 0.0046 seconds
INFO:root:Memory used: 0.0000 KB
INFO:root:Solving data/UUF50.218.1000/uuf50-0416.cnf
INFO:root:Using DPLL with watched literals solver.
INFO:root:Number of Variables: 50
INFO:root:Number of Clauses: 218
INFO:root:Runtime: 0.0039 seconds
INFO:root:Memory used: 0.0000 KB
INFO:root:Solving data/UUF50.218.1000/uuf50-0419.cnf
INFO:root:Using DPLL with watched literals solver.
INFO:root:Number of Variables: 50
INFO:root:Number of Clauses: 218
INFO:root:Runtime: 0.0032 seconds
INFO:root:Memory used: 0.0000 KB
INFO:root:Solving data/UUF50.218.1000/uuf50-0420.cnf
INFO:root:Using DPLL with watched literals solver.
INFO:root:Number of Variables: 50
INFO:root:Number of Clauses: 218
INFO:root:Runtime: 0.0033 seconds
INFO:root:Memory used: 0.0000 KB
INFO:root:Solving data/UUF50.218.1000/uuf50-0421.cnf
INFO:root:Using DPLL with watched literals solver.
INFO:root:Number of Variables: 50
INFO:root:Number of Clauses: 218
INFO:root:Runtime: 0.0047 seconds
INFO:root:Memory used: 0.0000 KB
INFO:root:Solving data/UUF50.218.1000/uuf50-042.cnf
INFO:root:Using DPLL with watched literals solver.
INFO:root:Number of Variables: 50
INFO:root:Number of Clauses: 218
INFO:root:Runtime: 0.0049 seconds
INFO:root:Memory used: 0.0000 KB
INFO:root:Solving data/UUF50.218.1000/uuf50-0422.cnf
INFO:root:Using DPLL with watched literals solver.
INFO:root:Number of Variables: 50
INFO:root:Number of Clauses: 218
INFO:root:Runtime: 0.0065 seconds
INFO:root:Memory used: 0.0000 KB
INFO:root:Solving data/UUF50.218.1000/uuf50-0423.cnf
INFO:root:Using DPLL with watched literals solver.
INFO:root:Number of Variables: 50
INFO:root:Number of Clauses: 218
INFO:root:Runtime: 0.0033 seconds
INFO:root:Memory used: 0.0000 KB
INFO:root:Solving data/UUF50.218.1000/uuf50-0424.cnf
INFO:root:Using DPLL with watched literals solver.
INFO:root:Number of Variables: 50
INFO:root:Number of Clauses: 218
INFO:root:Runtime: 0.0034 seconds
INFO:root:Memory used: 0.0000 KB
INFO:root:Solving data/UUF50.218.1000/uuf50-0425.cnf
INFO:root:Using DPLL with watched literals solver.
INFO:root:Number of Variables: 50
INFO:root:Number of Clauses: 218
INFO:root:Runtime: 0.0037 seconds
INFO:root:Memory used: 0.0000 KB
INFO:root:Solving data/UUF50.218.1000/uuf50-0426.cnf
INFO:root:Using DPLL with watched literals solver.
INFO:root:Number of Variables: 50
INFO:root:Number of Clauses: 218
INFO:root:Runtime: 0.0033 seconds
INFO:root:Memory used: 0.0000 KB
INFO:root:Solving data/UUF50.218.1000/uuf50-0428.cnf
INFO:root:Using DPLL with watched literals solver.
INFO:root:Number of Variables: 50
INFO:root:Number of Clauses: 218
INFO:root:Runtime: 0.0041 seconds
INFO:root:Memory used: 0.0000 KB
INFO:root:Solving data/UUF50.218.1000/uuf50-0427.cnf
INFO:root:Using DPLL with watched literals solver.
INFO:root:Number of Variables: 50
INFO:root:Number of Clauses: 218
INFO:root:Runtime: 0.0036 seconds
INFO:root:Memory used: 0.0000 KB
INFO:root:Solving data/UUF50.218.1000/uuf50-0429.cnf
INFO:root:Using DPLL with watched literals solver.
INFO:root:Number of Variables: 50
INFO:root:Number of Clauses: 218
INFO:root:Runtime: 0.0040 seconds
INFO:root:Memory used: 0.0000 KB
INFO:root:Solving data/UUF50.218.1000/uuf50-043.cnf
INFO:root:Using DPLL with watched literals solver.
INFO:root:Number of Variables: 50
INFO:root:Number of Clauses: 218
INFO:root:Runtime: 0.0035 seconds
INFO:root:Memory used: 0.0000 KB
INFO:root:Solving data/UUF50.218.1000/uuf50-0430.cnf
INFO:root:Using DPLL with watched literals solver.
INFO:root:Number of Variables: 50
INFO:root:Number of Clauses: 218
INFO:root:Runtime: 0.0033 seconds
INFO:root:Memory used: 0.0000 KB
INFO:root:Solving data/UUF50.218.1000/uuf50-0431.cnf
INFO:root:Using DPLL with watched literals solver.
INFO:root:Number of Variables: 50
INFO:root:Number of Clauses: 218
INFO:root:Runtime: 0.0055 seconds
INFO:root:Memory used: 0.0000 KB
INFO:root:Solving data/UUF50.218.1000/uuf50-0432.cnf
INFO:root:Using DPLL with watched literals solver.
INFO:root:Number of Variables: 50
INFO:root:Number of Clauses: 218
INFO:root:Runtime: 0.0039 seconds
INFO:root:Memory used: 0.0000 KB
INFO:root:Solving data/UUF50.218.1000/uuf50-0433.cnf
INFO:root:Using DPLL with watched literals solver.
INFO:root:Number of Variables: 50
INFO:root:Number of Clauses: 218
INFO:root:Runtime: 0.0035 seconds
INFO:root:Memory used: 0.0000 KB
INFO:root:Solving data/UUF50.218.1000/uuf50-0434.cnf
INFO:root:Using DPLL with watched literals solver.
INFO:root:Number of Variables: 50
INFO:root:Number of Clauses: 218
INFO:root:Runtime: 0.0037 seconds
INFO:root:Memory used: 0.0000 KB
INFO:root:Solving data/UUF50.218.1000/uuf50-0435.cnf
INFO:root:Using DPLL with watched literals solver.
INFO:root:Number of Variables: 50
INFO:root:Number of Clauses: 218
INFO:root:Runtime: 0.0036 seconds
INFO:root:Memory used: 0.0000 KB
INFO:root:Solving data/UUF50.218.1000/uuf50-0436.cnf
INFO:root:Using DPLL with watched literals solver.
INFO:root:Number of Variables: 50
INFO:root:Number of Clauses: 218
INFO:root:Runtime: 0.0035 seconds
INFO:root:Memory used: 0.0000 KB
INFO:root:Solving data/UUF50.218.1000/uuf50-0437.cnf
INFO:root:Using DPLL with watched literals solver.
INFO:root:Number of Variables: 50
INFO:root:Number of Clauses: 218
INFO:root:Runtime: 0.0046 seconds
INFO:root:Memory used: 0.0000 KB
INFO:root:Solving data/UUF50.218.1000/uuf50-0438.cnf
INFO:root:Using DPLL with watched literals solver.
INFO:root:Number of Variables: 50
INFO:root:Number of Clauses: 218
INFO:root:Runtime: 0.0034 seconds
INFO:root:Memory used: 0.0000 KB
INFO:root:Solving data/UUF50.218.1000/uuf50-0439.cnf
INFO:root:Using DPLL with watched literals solver.
INFO:root:Number of Variables: 50
INFO:root:Number of Clauses: 218
INFO:root:Runtime: 0.0034 seconds
INFO:root:Memory used: 0.0000 KB
INFO:root:Solving data/UUF50.218.1000/uuf50-0440.cnf
INFO:root:Using DPLL with watched literals solver.
INFO:root:Number of Variables: 50
INFO:root:Number of Clauses: 218
INFO:root:Runtime: 0.0044 seconds
INFO:root:Memory used: 0.0000 KB
INFO:root:Solving data/UUF50.218.1000/uuf50-0441.cnf
INFO:root:Using DPLL with watched literals solver.
INFO:root:Number of Variables: 50
INFO:root:Number of Clauses: 218
INFO:root:Runtime: 0.0070 seconds
INFO:root:Memory used: 0.0000 KB
INFO:root:Solving data/UUF50.218.1000/uuf50-0442.cnf
INFO:root:Using DPLL with watched literals solver.
INFO:root:Number of Variables: 50
INFO:root:Number of Clauses: 218
INFO:root:Runtime: 0.0036 seconds
INFO:root:Memory used: 0.0000 KB
INFO:root:Solving data/UUF50.218.1000/uuf50-0443.cnf
INFO:root:Using DPLL with watched literals solver.
INFO:root:Number of Variables: 50
INFO:root:Number of Clauses: 218
INFO:root:Runtime: 0.0039 seconds
INFO:root:Memory used: 0.0000 KB
INFO:root:Solving data/UUF50.218.1000/uuf50-044.cnf
INFO:root:Using DPLL with watched literals solver.
INFO:root:Number of Variables: 50
INFO:root:Number of Clauses: 218
INFO:root:Runtime: 0.0049 seconds
INFO:root:Memory used: 0.0000 KB
INFO:root:Solving data/UUF50.218.1000/uuf50-0444.cnf
INFO:root:Using DPLL with watched literals solver.
INFO:root:Number of Variables: 50
INFO:root:Number of Clauses: 218
INFO:root:Runtime: 0.0031 seconds
INFO:root:Memory used: 0.0000 KB
INFO:root:Solving data/UUF50.218.1000/uuf50-0445.cnf
INFO:root:Using DPLL with watched literals solver.
INFO:root:Number of Variables: 50
INFO:root:Number of Clauses: 218
INFO:root:Runtime: 0.0046 seconds
INFO:root:Memory used: 0.0000 KB
INFO:root:Solving data/UUF50.218.1000/uuf50-0446.cnf
INFO:root:Using DPLL with watched literals solver.
INFO:root:Number of Variables: 50
INFO:root:Number of Clauses: 218
INFO:root:Runtime: 0.0034 seconds
INFO:root:Memory used: 0.0000 KB
INFO:root:Solving data/UUF50.218.1000/uuf50-0447.cnf
INFO:root:Using DPLL with watched literals solver.
INFO:root:Number of Variables: 50
INFO:root:Number of Clauses: 218
INFO:root:Runtime: 0.0037 seconds
INFO:root:Memory used: 0.0000 KB
INFO:root:Solving data/UUF50.218.1000/uuf50-0448.cnf
INFO:root:Using DPLL with watched literals solver.
INFO:root:Number of Variables: 50
INFO:root:Number of Clauses: 218
INFO:root:Runtime: 0.0049 seconds
INFO:root:Memory used: 0.0000 KB
INFO:root:Solving data/UUF50.218.1000/uuf50-0449.cnf
INFO:root:Using DPLL with watched literals solver.
INFO:root:Number of Variables: 50
INFO:root:Number of Clauses: 218
INFO:root:Runtime: 0.0038 seconds
INFO:root:Memory used: 0.0000 KB
INFO:root:Solving data/UUF50.218.1000/uuf50-045.cnf
INFO:root:Using DPLL with watched literals solver.
INFO:root:Number of Variables: 50
INFO:root:Number of Clauses: 218
INFO:root:Runtime: 0.0043 seconds
INFO:root:Memory used: 0.0000 KB
INFO:root:Solving data/UUF50.218.1000/uuf50-0450.cnf
INFO:root:Using DPLL with watched literals solver.
INFO:root:Number of Variables: 50
INFO:root:Number of Clauses: 218
INFO:root:Runtime: 0.0028 seconds
INFO:root:Memory used: 0.0000 KB
INFO:root:Solving data/UUF50.218.1000/uuf50-0451.cnf
INFO:root:Using DPLL with watched literals solver.
INFO:root:Number of Variables: 50
INFO:root:Number of Clauses: 218
INFO:root:Runtime: 0.0047 seconds
INFO:root:Memory used: 0.0000 KB
INFO:root:Solving data/UUF50.218.1000/uuf50-0452.cnf
INFO:root:Using DPLL with watched literals solver.
INFO:root:Number of Variables: 50
INFO:root:Number of Clauses: 218
INFO:root:Runtime: 0.0039 seconds
INFO:root:Memory used: 0.0000 KB
INFO:root:Solving data/UUF50.218.1000/uuf50-0453.cnf
INFO:root:Using DPLL with watched literals solver.
INFO:root:Number of Variables: 50
INFO:root:Number of Clauses: 218
INFO:root:Runtime: 0.0052 seconds
INFO:root:Memory used: 0.0000 KB
INFO:root:Solving data/UUF50.218.1000/uuf50-0454.cnf
INFO:root:Using DPLL with watched literals solver.
INFO:root:Number of Variables: 50
INFO:root:Number of Clauses: 218
INFO:root:Runtime: 0.0032 seconds
INFO:root:Memory used: 0.0000 KB
INFO:root:Solving data/UUF50.218.1000/uuf50-0457.cnf
INFO:root:Using DPLL with watched literals solver.
INFO:root:Number of Variables: 50
INFO:root:Number of Clauses: 218
INFO:root:Runtime: 0.0039 seconds
INFO:root:Memory used: 0.0000 KB
INFO:root:Solving data/UUF50.218.1000/uuf50-0455.cnf
INFO:root:Using DPLL with watched literals solver.
INFO:root:Number of Variables: 50
INFO:root:Number of Clauses: 218
INFO:root:Runtime: 0.0057 seconds
INFO:root:Memory used: 0.0000 KB
INFO:root:Solving data/UUF50.218.1000/uuf50-0456.cnf
INFO:root:Using DPLL with watched literals solver.
INFO:root:Number of Variables: 50
INFO:root:Number of Clauses: 218
INFO:root:Runtime: 0.0047 seconds
INFO:root:Memory used: 0.0000 KB
INFO:root:Solving data/UUF50.218.1000/uuf50-0458.cnf
INFO:root:Using DPLL with watched literals solver.
INFO:root:Number of Variables: 50
INFO:root:Number of Clauses: 218
INFO:root:Runtime: 0.0028 seconds
INFO:root:Memory used: 0.0000 KB
INFO:root:Solving data/UUF50.218.1000/uuf50-0459.cnf
INFO:root:Using DPLL with watched literals solver.
INFO:root:Number of Variables: 50
INFO:root:Number of Clauses: 218
INFO:root:Runtime: 0.0050 seconds
INFO:root:Memory used: 0.0000 KB
INFO:root:Solving data/UUF50.218.1000/uuf50-0460.cnf
INFO:root:Using DPLL with watched literals solver.
INFO:root:Number of Variables: 50
INFO:root:Number of Clauses: 218
INFO:root:Runtime: 0.0047 seconds
INFO:root:Memory used: 0.0000 KB
INFO:root:Solving data/UUF50.218.1000/uuf50-046.cnf
INFO:root:Using DPLL with watched literals solver.
INFO:root:Number of Variables: 50
INFO:root:Number of Clauses: 218
INFO:root:Runtime: 0.0033 seconds
INFO:root:Memory used: 0.0000 KB
INFO:root:Solving data/UUF50.218.1000/uuf50-0461.cnf
INFO:root:Using DPLL with watched literals solver.
INFO:root:Number of Variables: 50
INFO:root:Number of Clauses: 218
INFO:root:Runtime: 0.0048 seconds
INFO:root:Memory used: 0.0000 KB
INFO:root:Solving data/UUF50.218.1000/uuf50-0463.cnf
INFO:root:Using DPLL with watched literals solver.
INFO:root:Number of Variables: 50
INFO:root:Number of Clauses: 218
INFO:root:Runtime: 0.0037 seconds
INFO:root:Memory used: 0.0000 KB
INFO:root:Solving data/UUF50.218.1000/uuf50-0462.cnf
INFO:root:Using DPLL with watched literals solver.
INFO:root:Number of Variables: 50
INFO:root:Number of Clauses: 218
INFO:root:Runtime: 0.0056 seconds
INFO:root:Memory used: 0.0000 KB
INFO:root:Solving data/UUF50.218.1000/uuf50-0464.cnf
INFO:root:Using DPLL with watched literals solver.
INFO:root:Number of Variables: 50
INFO:root:Number of Clauses: 218
INFO:root:Runtime: 0.0029 seconds
INFO:root:Memory used: 0.0000 KB
INFO:root:Solving data/UUF50.218.1000/uuf50-0465.cnf
INFO:root:Using DPLL with watched literals solver.
INFO:root:Number of Variables: 50
INFO:root:Number of Clauses: 218
INFO:root:Runtime: 0.0032 seconds
INFO:root:Memory used: 0.0000 KB
INFO:root:Solving data/UUF50.218.1000/uuf50-0466.cnf
INFO:root:Using DPLL with watched literals solver.
INFO:root:Number of Variables: 50
INFO:root:Number of Clauses: 218
INFO:root:Runtime: 0.0043 seconds
INFO:root:Memory used: 0.0000 KB
INFO:root:Solving data/UUF50.218.1000/uuf50-0467.cnf
INFO:root:Using DPLL with watched literals solver.
INFO:root:Number of Variables: 50
INFO:root:Number of Clauses: 218
INFO:root:Runtime: 0.0035 seconds
INFO:root:Memory used: 0.0000 KB
INFO:root:Solving data/UUF50.218.1000/uuf50-0469.cnf
INFO:root:Using DPLL with watched literals solver.
INFO:root:Number of Variables: 50
INFO:root:Number of Clauses: 218
INFO:root:Runtime: 0.0049 seconds
INFO:root:Memory used: 0.0000 KB
INFO:root:Solving data/UUF50.218.1000/uuf50-047.cnf
INFO:root:Using DPLL with watched literals solver.
INFO:root:Number of Variables: 50
INFO:root:Number of Clauses: 218
INFO:root:Runtime: 0.0049 seconds
INFO:root:Memory used: 0.0000 KB
INFO:root:Solving data/UUF50.218.1000/uuf50-0468.cnf
INFO:root:Using DPLL with watched literals solver.
INFO:root:Number of Variables: 50
INFO:root:Number of Clauses: 218
INFO:root:Runtime: 0.0059 seconds
INFO:root:Memory used: 0.0000 KB
INFO:root:Solving data/UUF50.218.1000/uuf50-0470.cnf
INFO:root:Using DPLL with watched literals solver.
INFO:root:Number of Variables: 50
INFO:root:Number of Clauses: 218
INFO:root:Runtime: 0.0039 seconds
INFO:root:Memory used: 0.0000 KB
INFO:root:Solving data/UUF50.218.1000/uuf50-0472.cnf
INFO:root:Using DPLL with watched literals solver.
INFO:root:Number of Variables: 50
INFO:root:Number of Clauses: 218
INFO:root:Runtime: 0.0029 seconds
INFO:root:Memory used: 0.0000 KB
INFO:root:Solving data/UUF50.218.1000/uuf50-0471.cnf
INFO:root:Using DPLL with watched literals solver.
INFO:root:Number of Variables: 50
INFO:root:Number of Clauses: 218
INFO:root:Runtime: 0.0042 seconds
INFO:root:Memory used: 0.0000 KB
INFO:root:Solving data/UUF50.218.1000/uuf50-0473.cnf
INFO:root:Using DPLL with watched literals solver.
INFO:root:Number of Variables: 50
INFO:root:Number of Clauses: 218
INFO:root:Runtime: 0.0044 seconds
INFO:root:Memory used: 0.0000 KB
INFO:root:Solving data/UUF50.218.1000/uuf50-0474.cnf
INFO:root:Using DPLL with watched literals solver.
INFO:root:Number of Variables: 50
INFO:root:Number of Clauses: 218
INFO:root:Runtime: 0.0065 seconds
INFO:root:Memory used: 0.0000 KB
INFO:root:Solving data/UUF50.218.1000/uuf50-0475.cnf
INFO:root:Using DPLL with watched literals solver.
INFO:root:Number of Variables: 50
INFO:root:Number of Clauses: 218
INFO:root:Runtime: 0.0034 seconds
INFO:root:Memory used: 0.0000 KB
INFO:root:Solving data/UUF50.218.1000/uuf50-0476.cnf
INFO:root:Using DPLL with watched literals solver.
INFO:root:Number of Variables: 50
INFO:root:Number of Clauses: 218
INFO:root:Runtime: 0.0069 seconds
INFO:root:Memory used: 0.0000 KB
INFO:root:Solving data/UUF50.218.1000/uuf50-0477.cnf
INFO:root:Using DPLL with watched literals solver.
INFO:root:Number of Variables: 50
INFO:root:Number of Clauses: 218
INFO:root:Runtime: 0.0039 seconds
INFO:root:Memory used: 0.0000 KB
INFO:root:Solving data/UUF50.218.1000/uuf50-0478.cnf
INFO:root:Using DPLL with watched literals solver.
INFO:root:Number of Variables: 50
INFO:root:Number of Clauses: 218
INFO:root:Runtime: 0.0040 seconds
INFO:root:Memory used: 0.0000 KB
INFO:root:Solving data/UUF50.218.1000/uuf50-0479.cnf
INFO:root:Using DPLL with watched literals solver.
INFO:root:Number of Variables: 50
INFO:root:Number of Clauses: 218
INFO:root:Runtime: 0.0052 seconds
INFO:root:Memory used: 0.0000 KB
INFO:root:Solving data/UUF50.218.1000/uuf50-048.cnf
INFO:root:Using DPLL with watched literals solver.
INFO:root:Number of Variables: 50
INFO:root:Number of Clauses: 218
INFO:root:Runtime: 0.0038 seconds
INFO:root:Memory used: 0.0000 KB
INFO:root:Solving data/UUF50.218.1000/uuf50-0480.cnf
INFO:root:Using DPLL with watched literals solver.
INFO:root:Number of Variables: 50
INFO:root:Number of Clauses: 218
INFO:root:Runtime: 0.0041 seconds
INFO:root:Memory used: 0.0000 KB
INFO:root:Solving data/UUF50.218.1000/uuf50-0481.cnf
INFO:root:Using DPLL with watched literals solver.
INFO:root:Number of Variables: 50
INFO:root:Number of Clauses: 218
INFO:root:Runtime: 0.0035 seconds
INFO:root:Memory used: 0.0000 KB
INFO:root:Solving data/UUF50.218.1000/uuf50-0482.cnf
INFO:root:Using DPLL with watched literals solver.
INFO:root:Number of Variables: 50
INFO:root:Number of Clauses: 218
INFO:root:Runtime: 0.0059 seconds
INFO:root:Memory used: 0.0000 KB
INFO:root:Solving data/UUF50.218.1000/uuf50-0484.cnf
INFO:root:Using DPLL with watched literals solver.
INFO:root:Number of Variables: 50
INFO:root:Number of Clauses: 218
INFO:root:Runtime: 0.0043 seconds
INFO:root:Memory used: 0.0000 KB
INFO:root:Solving data/UUF50.218.1000/uuf50-0483.cnf
INFO:root:Using DPLL with watched literals solver.
INFO:root:Number of Variables: 50
INFO:root:Number of Clauses: 218
INFO:root:Runtime: 0.0033 seconds
INFO:root:Memory used: 0.0000 KB
INFO:root:Solving data/UUF50.218.1000/uuf50-0485.cnf
INFO:root:Using DPLL with watched literals solver.
INFO:root:Number of Variables: 50
INFO:root:Number of Clauses: 218
INFO:root:Runtime: 0.0028 seconds
INFO:root:Memory used: 0.0000 KB
INFO:root:Solving data/UUF50.218.1000/uuf50-0486.cnf
INFO:root:Using DPLL with watched literals solver.
INFO:root:Number of Variables: 50
INFO:root:Number of Clauses: 218
INFO:root:Runtime: 0.0036 seconds
INFO:root:Memory used: 0.0000 KB
INFO:root:Solving data/UUF50.218.1000/uuf50-0487.cnf
INFO:root:Using DPLL with watched literals solver.
INFO:root:Number of Variables: 50
INFO:root:Number of Clauses: 218
INFO:root:Runtime: 0.0029 seconds
INFO:root:Memory used: 0.0000 KB
INFO:root:Solving data/UUF50.218.1000/uuf50-0488.cnf
INFO:root:Using DPLL with watched literals solver.
INFO:root:Number of Variables: 50
INFO:root:Number of Clauses: 218
INFO:root:Runtime: 0.0043 seconds
INFO:root:Memory used: 0.0000 KB
INFO:root:Solving data/UUF50.218.1000/uuf50-0489.cnf
INFO:root:Using DPLL with watched literals solver.
INFO:root:Number of Variables: 50
INFO:root:Number of Clauses: 218
INFO:root:Runtime: 0.0073 seconds
INFO:root:Memory used: 0.0000 KB
INFO:root:Solving data/UUF50.218.1000/uuf50-049.cnf
INFO:root:Using DPLL with watched literals solver.
INFO:root:Number of Variables: 50
INFO:root:Number of Clauses: 218
INFO:root:Runtime: 0.0042 seconds
INFO:root:Memory used: 0.0000 KB
INFO:root:Solving data/UUF50.218.1000/uuf50-0490.cnf
INFO:root:Using DPLL with watched literals solver.
INFO:root:Number of Variables: 50
INFO:root:Number of Clauses: 218
INFO:root:Runtime: 0.0035 seconds
INFO:root:Memory used: 0.0000 KB
INFO:root:Solving data/UUF50.218.1000/uuf50-0491.cnf
INFO:root:Using DPLL with watched literals solver.
INFO:root:Number of Variables: 50
INFO:root:Number of Clauses: 218
INFO:root:Runtime: 0.0065 seconds
INFO:root:Memory used: 0.0000 KB
INFO:root:Solving data/UUF50.218.1000/uuf50-0492.cnf
INFO:root:Using DPLL with watched literals solver.
INFO:root:Number of Variables: 50
INFO:root:Number of Clauses: 218
INFO:root:Runtime: 0.0043 seconds
INFO:root:Memory used: 0.0000 KB
INFO:root:Solving data/UUF50.218.1000/uuf50-0493.cnf
INFO:root:Using DPLL with watched literals solver.
INFO:root:Number of Variables: 50
INFO:root:Number of Clauses: 218
INFO:root:Runtime: 0.0051 seconds
INFO:root:Memory used: 0.0000 KB
INFO:root:Solving data/UUF50.218.1000/uuf50-0494.cnf
INFO:root:Using DPLL with watched literals solver.
INFO:root:Number of Variables: 50
INFO:root:Number of Clauses: 218
INFO:root:Runtime: 0.0032 seconds
INFO:root:Memory used: 0.0000 KB
INFO:root:Solving data/UUF50.218.1000/uuf50-0495.cnf
INFO:root:Using DPLL with watched literals solver.
INFO:root:Number of Variables: 50
INFO:root:Number of Clauses: 218
INFO:root:Runtime: 0.0045 seconds
INFO:root:Memory used: 0.0000 KB
INFO:root:Solving data/UUF50.218.1000/uuf50-0497.cnf
INFO:root:Using DPLL with watched literals solver.
INFO:root:Number of Variables: 50
INFO:root:Number of Clauses: 218
INFO:root:Runtime: 0.0040 seconds
INFO:root:Memory used: 0.0000 KB
INFO:root:Solving data/UUF50.218.1000/uuf50-0496.cnf
INFO:root:Using DPLL with watched literals solver.
INFO:root:Number of Variables: 50
INFO:root:Number of Clauses: 218
INFO:root:Runtime: 0.0038 seconds
INFO:root:Memory used: 0.0000 KB
INFO:root:Solving data/UUF50.218.1000/uuf50-0498.cnf
INFO:root:Using DPLL with watched literals solver.
INFO:root:Number of Variables: 50
INFO:root:Number of Clauses: 218
INFO:root:Runtime: 0.0024 seconds
INFO:root:Memory used: 0.0000 KB
INFO:root:Solving data/UUF50.218.1000/uuf50-0499.cnf
INFO:root:Using DPLL with watched literals solver.
INFO:root:Number of Variables: 50
INFO:root:Number of Clauses: 218
INFO:root:Runtime: 0.0027 seconds
INFO:root:Memory used: 0.0000 KB
INFO:root:Solving data/UUF50.218.1000/uuf50-05.cnf
INFO:root:Using DPLL with watched literals solver.
INFO:root:Number of Variables: 50
INFO:root:Number of Clauses: 218
INFO:root:Runtime: 0.0038 seconds
INFO:root:Memory used: 0.0000 KB
INFO:root:Solving data/UUF50.218.1000/uuf50-0500.cnf
INFO:root:Using DPLL with watched literals solver.
INFO:root:Number of Variables: 50
INFO:root:Number of Clauses: 218
INFO:root:Runtime: 0.0051 seconds
INFO:root:Memory used: 0.0000 KB
INFO:root:Solving data/UUF50.218.1000/uuf50-0501.cnf
INFO:root:Using DPLL with watched literals solver.
INFO:root:Number of Variables: 50
INFO:root:Number of Clauses: 218
INFO:root:Runtime: 0.0034 seconds
INFO:root:Memory used: 0.0000 KB
INFO:root:Solving data/UUF50.218.1000/uuf50-050.cnf
INFO:root:Using DPLL with watched literals solver.
INFO:root:Number of Variables: 50
INFO:root:Number of Clauses: 218
INFO:root:Runtime: 0.0056 seconds
INFO:root:Memory used: 0.0000 KB
INFO:root:Solving data/UUF50.218.1000/uuf50-0502.cnf
INFO:root:Using DPLL with watched literals solver.
INFO:root:Number of Variables: 50
INFO:root:Number of Clauses: 218
INFO:root:Runtime: 0.0041 seconds
INFO:root:Memory used: 0.0000 KB
INFO:root:Solving data/UUF50.218.1000/uuf50-0504.cnf
INFO:root:Using DPLL with watched literals solver.
INFO:root:Number of Variables: 50
INFO:root:Number of Clauses: 218
INFO:root:Runtime: 0.0032 seconds
INFO:root:Memory used: 0.0000 KB
INFO:root:Solving data/UUF50.218.1000/uuf50-0503.cnf
INFO:root:Using DPLL with watched literals solver.
INFO:root:Number of Variables: 50
INFO:root:Number of Clauses: 218
INFO:root:Runtime: 0.0048 seconds
INFO:root:Memory used: 0.0000 KB
INFO:root:Solving data/UUF50.218.1000/uuf50-0505.cnf
INFO:root:Using DPLL with watched literals solver.
INFO:root:Number of Variables: 50
INFO:root:Number of Clauses: 218
INFO:root:Runtime: 0.0037 seconds
INFO:root:Memory used: 0.0000 KB
INFO:root:Solving data/UUF50.218.1000/uuf50-0506.cnf
INFO:root:Using DPLL with watched literals solver.
INFO:root:Number of Variables: 50
INFO:root:Number of Clauses: 218
INFO:root:Runtime: 0.0040 seconds
INFO:root:Memory used: 0.0000 KB
INFO:root:Solving data/UUF50.218.1000/uuf50-0507.cnf
INFO:root:Using DPLL with watched literals solver.
INFO:root:Number of Variables: 50
INFO:root:Number of Clauses: 218
INFO:root:Runtime: 0.0023 seconds
INFO:root:Memory used: 0.0000 KB
INFO:root:Solving data/UUF50.218.1000/uuf50-0509.cnf
INFO:root:Using DPLL with watched literals solver.
INFO:root:Number of Variables: 50
INFO:root:Number of Clauses: 218
INFO:root:Runtime: 0.0036 seconds
INFO:root:Memory used: 0.0000 KB
INFO:root:Solving data/UUF50.218.1000/uuf50-0508.cnf
INFO:root:Using DPLL with watched literals solver.
INFO:root:Number of Variables: 50
INFO:root:Number of Clauses: 218
INFO:root:Runtime: 0.0051 seconds
INFO:root:Memory used: 0.0000 KB
INFO:root:Solving data/UUF50.218.1000/uuf50-051.cnf
INFO:root:Using DPLL with watched literals solver.
INFO:root:Number of Variables: 50
INFO:root:Number of Clauses: 218
INFO:root:Runtime: 0.0035 seconds
INFO:root:Memory used: 0.0000 KB
INFO:root:Solving data/UUF50.218.1000/uuf50-0510.cnf
INFO:root:Using DPLL with watched literals solver.
INFO:root:Number of Variables: 50
INFO:root:Number of Clauses: 218
INFO:root:Runtime: 0.0023 seconds
INFO:root:Memory used: 0.0000 KB
INFO:root:Solving data/UUF50.218.1000/uuf50-0511.cnf
INFO:root:Using DPLL with watched literals solver.
INFO:root:Number of Variables: 50
INFO:root:Number of Clauses: 218
INFO:root:Runtime: 0.0033 seconds
INFO:root:Memory used: 0.0000 KB
INFO:root:Solving data/UUF50.218.1000/uuf50-0512.cnf
INFO:root:Using DPLL with watched literals solver.
INFO:root:Number of Variables: 50
INFO:root:Number of Clauses: 218
INFO:root:Runtime: 0.0049 seconds
INFO:root:Memory used: 0.0000 KB
INFO:root:Solving data/UUF50.218.1000/uuf50-0513.cnf
INFO:root:Using DPLL with watched literals solver.
INFO:root:Number of Variables: 50
INFO:root:Number of Clauses: 218
INFO:root:Runtime: 0.0042 seconds
INFO:root:Memory used: 0.0000 KB
INFO:root:Solving data/UUF50.218.1000/uuf50-0514.cnf
INFO:root:Using DPLL with watched literals solver.
INFO:root:Number of Variables: 50
INFO:root:Number of Clauses: 218
INFO:root:Runtime: 0.0063 seconds
INFO:root:Memory used: 0.0000 KB
INFO:root:Solving data/UUF50.218.1000/uuf50-0515.cnf
INFO:root:Using DPLL with watched literals solver.
INFO:root:Number of Variables: 50
INFO:root:Number of Clauses: 218
INFO:root:Runtime: 0.0025 seconds
INFO:root:Memory used: 0.0000 KB
INFO:root:Solving data/UUF50.218.1000/uuf50-0516.cnf
INFO:root:Using DPLL with watched literals solver.
INFO:root:Number of Variables: 50
INFO:root:Number of Clauses: 218
INFO:root:Runtime: 0.0060 seconds
INFO:root:Memory used: 0.0000 KB
INFO:root:Solving data/UUF50.218.1000/uuf50-0517.cnf
INFO:root:Using DPLL with watched literals solver.
INFO:root:Number of Variables: 50
INFO:root:Number of Clauses: 218
INFO:root:Runtime: 0.0034 seconds
INFO:root:Memory used: 0.0000 KB
INFO:root:Solving data/UUF50.218.1000/uuf50-0518.cnf
INFO:root:Using DPLL with watched literals solver.
INFO:root:Number of Variables: 50
INFO:root:Number of Clauses: 218
INFO:root:Runtime: 0.0040 seconds
INFO:root:Memory used: 0.0000 KB
INFO:root:Solving data/UUF50.218.1000/uuf50-0519.cnf
INFO:root:Using DPLL with watched literals solver.
INFO:root:Number of Variables: 50
INFO:root:Number of Clauses: 218
INFO:root:Runtime: 0.0037 seconds
INFO:root:Memory used: 0.0000 KB
INFO:root:Solving data/UUF50.218.1000/uuf50-052.cnf
INFO:root:Using DPLL with watched literals solver.
INFO:root:Number of Variables: 50
INFO:root:Number of Clauses: 218
INFO:root:Runtime: 0.0030 seconds
INFO:root:Memory used: 0.0000 KB
INFO:root:Solving data/UUF50.218.1000/uuf50-0520.cnf
INFO:root:Using DPLL with watched literals solver.
INFO:root:Number of Variables: 50
INFO:root:Number of Clauses: 218
INFO:root:Runtime: 0.0048 seconds
INFO:root:Memory used: 0.0000 KB
INFO:root:Solving data/UUF50.218.1000/uuf50-0521.cnf
INFO:root:Using DPLL with watched literals solver.
INFO:root:Number of Variables: 50
INFO:root:Number of Clauses: 218
INFO:root:Runtime: 0.0037 seconds
INFO:root:Memory used: 0.0000 KB
INFO:root:Solving data/UUF50.218.1000/uuf50-0522.cnf
INFO:root:Using DPLL with watched literals solver.
INFO:root:Number of Variables: 50
INFO:root:Number of Clauses: 218
INFO:root:Runtime: 0.0048 seconds
INFO:root:Memory used: 0.0000 KB
INFO:root:Solving data/UUF50.218.1000/uuf50-0523.cnf
INFO:root:Using DPLL with watched literals solver.
INFO:root:Number of Variables: 50
INFO:root:Number of Clauses: 218
INFO:root:Runtime: 0.0025 seconds
INFO:root:Memory used: 0.0000 KB
INFO:root:Solving data/UUF50.218.1000/uuf50-0525.cnf
INFO:root:Using DPLL with watched literals solver.
INFO:root:Number of Variables: 50
INFO:root:Number of Clauses: 218
INFO:root:Runtime: 0.0038 seconds
INFO:root:Memory used: 0.0000 KB
INFO:root:Solving data/UUF50.218.1000/uuf50-0524.cnf
INFO:root:Using DPLL with watched literals solver.
INFO:root:Number of Variables: 50
INFO:root:Number of Clauses: 218
INFO:root:Runtime: 0.0690 seconds
INFO:root:Memory used: 0.0000 KB
INFO:root:Solving data/UUF50.218.1000/uuf50-0529.cnf
INFO:root:Using DPLL with watched literals solver.
INFO:root:Number of Variables: 50
INFO:root:Number of Clauses: 218
INFO:root:Runtime: 0.0046 seconds
INFO:root:Memory used: 0.0000 KB
INFO:root:Solving data/UUF50.218.1000/uuf50-0528.cnf
INFO:root:Using DPLL with watched literals solver.
INFO:root:Number of Variables: 50
INFO:root:Number of Clauses: 218
INFO:root:Runtime: 0.0054 seconds
INFO:root:Memory used: 0.0000 KB
INFO:root:Solving data/UUF50.218.1000/uuf50-0526.cnf
INFO:root:Using DPLL with watched literals solver.
INFO:root:Number of Variables: 50
INFO:root:Number of Clauses: 218
INFO:root:Runtime: 0.0044 seconds
INFO:root:Memory used: 0.0000 KB
INFO:root:Solving data/UUF50.218.1000/uuf50-0527.cnf
INFO:root:Using DPLL with watched literals solver.
INFO:root:Number of Variables: 50
INFO:root:Number of Clauses: 218
INFO:root:Runtime: 0.0071 seconds
INFO:root:Memory used: 0.0000 KB
INFO:root:Solving data/UUF50.218.1000/uuf50-053.cnf
INFO:root:Using DPLL with watched literals solver.
INFO:root:Number of Variables: 50
INFO:root:Number of Clauses: 218
INFO:root:Runtime: 0.0036 seconds
INFO:root:Memory used: 0.0000 KB
INFO:root:Solving data/UUF50.218.1000/uuf50-0531.cnf
INFO:root:Using DPLL with watched literals solver.
INFO:root:Number of Variables: 50
INFO:root:Number of Clauses: 218
INFO:root:Runtime: 0.0032 seconds
INFO:root:Memory used: 0.0000 KB
INFO:root:Solving data/UUF50.218.1000/uuf50-0532.cnf
INFO:root:Using DPLL with watched literals solver.
INFO:root:Number of Variables: 50
INFO:root:Number of Clauses: 218
INFO:root:Runtime: 0.0048 seconds
INFO:root:Memory used: 0.0000 KB
INFO:root:Solving data/UUF50.218.1000/uuf50-0530.cnf
INFO:root:Using DPLL with watched literals solver.
INFO:root:Number of Variables: 50
INFO:root:Number of Clauses: 218
INFO:root:Runtime: 0.0032 seconds
INFO:root:Memory used: 0.0000 KB
INFO:root:Solving data/UUF50.218.1000/uuf50-0534.cnf
INFO:root:Using DPLL with watched literals solver.
INFO:root:Number of Variables: 50
INFO:root:Number of Clauses: 218
INFO:root:Runtime: 0.0048 seconds
INFO:root:Memory used: 0.0000 KB
INFO:root:Solving data/UUF50.218.1000/uuf50-0533.cnf
INFO:root:Using DPLL with watched literals solver.
INFO:root:Number of Variables: 50
INFO:root:Number of Clauses: 218
INFO:root:Runtime: 0.0029 seconds
INFO:root:Memory used: 0.0000 KB
INFO:root:Solving data/UUF50.218.1000/uuf50-0537.cnf
INFO:root:Using DPLL with watched literals solver.
INFO:root:Number of Variables: 50
INFO:root:Number of Clauses: 218
INFO:root:Runtime: 0.0041 seconds
INFO:root:Memory used: 0.0000 KB
INFO:root:Solving data/UUF50.218.1000/uuf50-0536.cnf
INFO:root:Using DPLL with watched literals solver.
INFO:root:Number of Variables: 50
INFO:root:Number of Clauses: 218
INFO:root:Runtime: 0.0034 seconds
INFO:root:Memory used: 0.0000 KB
INFO:root:Solving data/UUF50.218.1000/uuf50-0535.cnf
INFO:root:Using DPLL with watched literals solver.
INFO:root:Number of Variables: 50
INFO:root:Number of Clauses: 218
INFO:root:Runtime: 0.0056 seconds
INFO:root:Memory used: 0.0000 KB
INFO:root:Solving data/UUF50.218.1000/uuf50-0538.cnf
INFO:root:Using DPLL with watched literals solver.
INFO:root:Number of Variables: 50
INFO:root:Number of Clauses: 218
INFO:root:Runtime: 0.0043 seconds
INFO:root:Memory used: 0.0000 KB
INFO:root:Solving data/UUF50.218.1000/uuf50-0539.cnf
INFO:root:Using DPLL with watched literals solver.
INFO:root:Number of Variables: 50
INFO:root:Number of Clauses: 218
INFO:root:Runtime: 0.0094 seconds
INFO:root:Memory used: 0.0000 KB
INFO:root:Solving data/UUF50.218.1000/uuf50-054.cnf
INFO:root:Using DPLL with watched literals solver.
INFO:root:Number of Variables: 50
INFO:root:Number of Clauses: 218
INFO:root:Runtime: 0.0085 seconds
INFO:root:Memory used: 0.0000 KB
INFO:root:Solving data/UUF50.218.1000/uuf50-0540.cnf
INFO:root:Using DPLL with watched literals solver.
INFO:root:Number of Variables: 50
INFO:root:Number of Clauses: 218
INFO:root:Runtime: 0.0059 seconds
INFO:root:Memory used: 0.0000 KB
INFO:root:Solving data/UUF50.218.1000/uuf50-0541.cnf
INFO:root:Using DPLL with watched literals solver.
INFO:root:Number of Variables: 50
INFO:root:Number of Clauses: 218
INFO:root:Runtime: 0.0051 seconds
INFO:root:Memory used: 0.0000 KB
INFO:root:Solving data/UUF50.218.1000/uuf50-0543.cnf
INFO:root:Using DPLL with watched literals solver.
INFO:root:Number of Variables: 50
INFO:root:Number of Clauses: 218
INFO:root:Runtime: 0.0052 seconds
INFO:root:Memory used: 0.0000 KB
INFO:root:Solving data/UUF50.218.1000/uuf50-0542.cnf
INFO:root:Using DPLL with watched literals solver.
INFO:root:Number of Variables: 50
INFO:root:Number of Clauses: 218
INFO:root:Runtime: 0.0034 seconds
INFO:root:Memory used: 0.0000 KB
INFO:root:Solving data/UUF50.218.1000/uuf50-0544.cnf
INFO:root:Using DPLL with watched literals solver.
INFO:root:Number of Variables: 50
INFO:root:Number of Clauses: 218
INFO:root:Runtime: 0.0034 seconds
INFO:root:Memory used: 0.0000 KB
INFO:root:Solving data/UUF50.218.1000/uuf50-0545.cnf
INFO:root:Using DPLL with watched literals solver.
INFO:root:Number of Variables: 50
INFO:root:Number of Clauses: 218
INFO:root:Runtime: 0.0056 seconds
INFO:root:Memory used: 0.0000 KB
INFO:root:Solving data/UUF50.218.1000/uuf50-0546.cnf
INFO:root:Using DPLL with watched literals solver.
INFO:root:Number of Variables: 50
INFO:root:Number of Clauses: 218
INFO:root:Runtime: 0.0053 seconds
INFO:root:Memory used: 0.0000 KB
INFO:root:Solving data/UUF50.218.1000/uuf50-0547.cnf
INFO:root:Using DPLL with watched literals solver.
INFO:root:Number of Variables: 50
INFO:root:Number of Clauses: 218
INFO:root:Runtime: 0.0058 seconds
INFO:root:Memory used: 0.0000 KB
INFO:root:Solving data/UUF50.218.1000/uuf50-0548.cnf
INFO:root:Using DPLL with watched literals solver.
INFO:root:Number of Variables: 50
INFO:root:Number of Clauses: 218
INFO:root:Runtime: 0.0051 seconds
INFO:root:Memory used: 0.0000 KB
INFO:root:Solving data/UUF50.218.1000/uuf50-0549.cnf
INFO:root:Using DPLL with watched literals solver.
INFO:root:Number of Variables: 50
INFO:root:Number of Clauses: 218
INFO:root:Runtime: 0.0043 seconds
INFO:root:Memory used: 0.0000 KB
INFO:root:Solving data/UUF50.218.1000/uuf50-055.cnf
INFO:root:Using DPLL with watched literals solver.
INFO:root:Number of Variables: 50
INFO:root:Number of Clauses: 218
INFO:root:Runtime: 0.0037 seconds
INFO:root:Memory used: 0.0000 KB
INFO:root:Solving data/UUF50.218.1000/uuf50-0550.cnf
INFO:root:Using DPLL with watched literals solver.
INFO:root:Number of Variables: 50
INFO:root:Number of Clauses: 218
INFO:root:Runtime: 0.0036 seconds
INFO:root:Memory used: 0.0000 KB
INFO:root:Solving data/UUF50.218.1000/uuf50-0552.cnf
INFO:root:Using DPLL with watched literals solver.
INFO:root:Number of Variables: 50
INFO:root:Number of Clauses: 218
INFO:root:Runtime: 0.0050 seconds
INFO:root:Memory used: 0.0000 KB
INFO:root:Solving data/UUF50.218.1000/uuf50-0551.cnf
INFO:root:Using DPLL with watched literals solver.
INFO:root:Number of Variables: 50
INFO:root:Number of Clauses: 218
INFO:root:Runtime: 0.0056 seconds
INFO:root:Memory used: 0.0000 KB
INFO:root:Solving data/UUF50.218.1000/uuf50-0553.cnf
INFO:root:Using DPLL with watched literals solver.
INFO:root:Number of Variables: 50
INFO:root:Number of Clauses: 218
INFO:root:Runtime: 0.0061 seconds
INFO:root:Memory used: 0.0000 KB
INFO:root:Solving data/UUF50.218.1000/uuf50-0554.cnf
INFO:root:Using DPLL with watched literals solver.
INFO:root:Number of Variables: 50
INFO:root:Number of Clauses: 218
INFO:root:Runtime: 0.0031 seconds
INFO:root:Memory used: 0.0000 KB
INFO:root:Solving data/UUF50.218.1000/uuf50-0555.cnf
INFO:root:Using DPLL with watched literals solver.
INFO:root:Number of Variables: 50
INFO:root:Number of Clauses: 218
INFO:root:Runtime: 0.0034 seconds
INFO:root:Memory used: 0.0000 KB
INFO:root:Solving data/UUF50.218.1000/uuf50-0556.cnf
INFO:root:Using DPLL with watched literals solver.
INFO:root:Number of Variables: 50
INFO:root:Number of Clauses: 218
INFO:root:Runtime: 0.0044 seconds
INFO:root:Memory used: 0.0000 KB
INFO:root:Solving data/UUF50.218.1000/uuf50-0557.cnf
INFO:root:Using DPLL with watched literals solver.
INFO:root:Number of Variables: 50
INFO:root:Number of Clauses: 218
INFO:root:Runtime: 0.0045 seconds
INFO:root:Memory used: 0.0000 KB
INFO:root:Solving data/UUF50.218.1000/uuf50-0558.cnf
INFO:root:Using DPLL with watched literals solver.
INFO:root:Number of Variables: 50
INFO:root:Number of Clauses: 218
INFO:root:Runtime: 0.0027 seconds
INFO:root:Memory used: 0.0000 KB
INFO:root:Solving data/UUF50.218.1000/uuf50-0559.cnf
INFO:root:Using DPLL with watched literals solver.
INFO:root:Number of Variables: 50
INFO:root:Number of Clauses: 218
INFO:root:Runtime: 0.0045 seconds
INFO:root:Memory used: 0.0000 KB
INFO:root:Solving data/UUF50.218.1000/uuf50-0560.cnf
INFO:root:Using DPLL with watched literals solver.
INFO:root:Number of Variables: 50
INFO:root:Number of Clauses: 218
INFO:root:Runtime: 0.0028 seconds
INFO:root:Memory used: 0.0000 KB
INFO:root:Solving data/UUF50.218.1000/uuf50-056.cnf
INFO:root:Using DPLL with watched literals solver.
INFO:root:Number of Variables: 50
INFO:root:Number of Clauses: 218
INFO:root:Runtime: 0.0064 seconds
INFO:root:Memory used: 0.0000 KB
INFO:root:Solving data/UUF50.218.1000/uuf50-0561.cnf
INFO:root:Using DPLL with watched literals solver.
INFO:root:Number of Variables: 50
INFO:root:Number of Clauses: 218
INFO:root:Runtime: 0.0027 seconds
INFO:root:Memory used: 0.0000 KB
INFO:root:Solving data/UUF50.218.1000/uuf50-0562.cnf
INFO:root:Using DPLL with watched literals solver.
INFO:root:Number of Variables: 50
INFO:root:Number of Clauses: 218
INFO:root:Runtime: 0.0038 seconds
INFO:root:Memory used: 0.0000 KB
INFO:root:Solving data/UUF50.218.1000/uuf50-0563.cnf
INFO:root:Using DPLL with watched literals solver.
INFO:root:Number of Variables: 50
INFO:root:Number of Clauses: 218
INFO:root:Runtime: 0.0045 seconds
INFO:root:Memory used: 0.0000 KB
INFO:root:Solving data/UUF50.218.1000/uuf50-0564.cnf
INFO:root:Using DPLL with watched literals solver.
INFO:root:Number of Variables: 50
INFO:root:Number of Clauses: 218
INFO:root:Runtime: 0.0031 seconds
INFO:root:Memory used: 0.0000 KB
INFO:root:Solving data/UUF50.218.1000/uuf50-0565.cnf
INFO:root:Using DPLL with watched literals solver.
INFO:root:Number of Variables: 50
INFO:root:Number of Clauses: 218
INFO:root:Runtime: 0.0050 seconds
INFO:root:Memory used: 0.0000 KB
INFO:root:Solving data/UUF50.218.1000/uuf50-0566.cnf
INFO:root:Using DPLL with watched literals solver.
INFO:root:Number of Variables: 50
INFO:root:Number of Clauses: 218
INFO:root:Runtime: 0.0055 seconds
INFO:root:Memory used: 0.0000 KB
INFO:root:Solving data/UUF50.218.1000/uuf50-0567.cnf
INFO:root:Using DPLL with watched literals solver.
INFO:root:Number of Variables: 50
INFO:root:Number of Clauses: 218
INFO:root:Runtime: 0.0018 seconds
INFO:root:Memory used: 0.0000 KB
INFO:root:Solving data/UUF50.218.1000/uuf50-0569.cnf
INFO:root:Using DPLL with watched literals solver.
INFO:root:Number of Variables: 50
INFO:root:Number of Clauses: 218
INFO:root:Runtime: 0.0029 seconds
INFO:root:Memory used: 0.0000 KB
INFO:root:Solving data/UUF50.218.1000/uuf50-0568.cnf
INFO:root:Using DPLL with watched literals solver.
INFO:root:Number of Variables: 50
INFO:root:Number of Clauses: 218
INFO:root:Runtime: 0.0041 seconds
INFO:root:Memory used: 0.0000 KB
INFO:root:Solving data/UUF50.218.1000/uuf50-057.cnf
INFO:root:Using DPLL with watched literals solver.
INFO:root:Number of Variables: 50
INFO:root:Number of Clauses: 218
INFO:root:Runtime: 0.0030 seconds
INFO:root:Memory used: 0.0000 KB
INFO:root:Solving data/UUF50.218.1000/uuf50-0570.cnf
INFO:root:Using DPLL with watched literals solver.
INFO:root:Number of Variables: 50
INFO:root:Number of Clauses: 218
INFO:root:Runtime: 0.0044 seconds
INFO:root:Memory used: 0.0000 KB
INFO:root:Solving data/UUF50.218.1000/uuf50-0571.cnf
INFO:root:Using DPLL with watched literals solver.
INFO:root:Number of Variables: 50
INFO:root:Number of Clauses: 218
INFO:root:Runtime: 0.0033 seconds
INFO:root:Memory used: 0.0000 KB
INFO:root:Solving data/UUF50.218.1000/uuf50-0572.cnf
INFO:root:Using DPLL with watched literals solver.
INFO:root:Number of Variables: 50
INFO:root:Number of Clauses: 218
INFO:root:Runtime: 0.0031 seconds
INFO:root:Memory used: 0.0000 KB
INFO:root:Solving data/UUF50.218.1000/uuf50-0573.cnf
INFO:root:Using DPLL with watched literals solver.
INFO:root:Number of Variables: 50
INFO:root:Number of Clauses: 218
INFO:root:Runtime: 0.0045 seconds
INFO:root:Memory used: 0.0000 KB
INFO:root:Solving data/UUF50.218.1000/uuf50-0574.cnf
INFO:root:Using DPLL with watched literals solver.
INFO:root:Number of Variables: 50
INFO:root:Number of Clauses: 218
INFO:root:Runtime: 0.0035 seconds
INFO:root:Memory used: 0.0000 KB
INFO:root:Solving data/UUF50.218.1000/uuf50-0575.cnf
INFO:root:Using DPLL with watched literals solver.
INFO:root:Number of Variables: 50
INFO:root:Number of Clauses: 218
INFO:root:Runtime: 0.0045 seconds
INFO:root:Memory used: 0.0000 KB
INFO:root:Solving data/UUF50.218.1000/uuf50-0577.cnf
INFO:root:Using DPLL with watched literals solver.
INFO:root:Number of Variables: 50
INFO:root:Number of Clauses: 218
INFO:root:Runtime: 0.0046 seconds
INFO:root:Memory used: 0.0000 KB
INFO:root:Solving data/UUF50.218.1000/uuf50-0576.cnf
INFO:root:Using DPLL with watched literals solver.
INFO:root:Number of Variables: 50
INFO:root:Number of Clauses: 218
INFO:root:Runtime: 0.0046 seconds
INFO:root:Memory used: 0.0000 KB
INFO:root:Solving data/UUF50.218.1000/uuf50-0578.cnf
INFO:root:Using DPLL with watched literals solver.
INFO:root:Number of Variables: 50
INFO:root:Number of Clauses: 218
INFO:root:Runtime: 0.0090 seconds
INFO:root:Memory used: 0.0000 KB
INFO:root:Solving data/UUF50.218.1000/uuf50-0579.cnf
INFO:root:Using DPLL with watched literals solver.
INFO:root:Number of Variables: 50
INFO:root:Number of Clauses: 218
INFO:root:Runtime: 0.0028 seconds
INFO:root:Memory used: 0.0000 KB
INFO:root:Solving data/UUF50.218.1000/uuf50-058.cnf
INFO:root:Using DPLL with watched literals solver.
INFO:root:Number of Variables: 50
INFO:root:Number of Clauses: 218
INFO:root:Runtime: 0.0035 seconds
INFO:root:Memory used: 0.0000 KB
INFO:root:Solving data/UUF50.218.1000/uuf50-0580.cnf
INFO:root:Using DPLL with watched literals solver.
INFO:root:Number of Variables: 50
INFO:root:Number of Clauses: 218
INFO:root:Runtime: 0.0037 seconds
INFO:root:Memory used: 0.0000 KB
INFO:root:Solving data/UUF50.218.1000/uuf50-0581.cnf
INFO:root:Using DPLL with watched literals solver.
INFO:root:Number of Variables: 50
INFO:root:Number of Clauses: 218
INFO:root:Runtime: 0.0036 seconds
INFO:root:Memory used: 0.0000 KB
INFO:root:Solving data/UUF50.218.1000/uuf50-0582.cnf
INFO:root:Using DPLL with watched literals solver.
INFO:root:Number of Variables: 50
INFO:root:Number of Clauses: 218
INFO:root:Runtime: 0.0034 seconds
INFO:root:Memory used: 0.0000 KB
INFO:root:Solving data/UUF50.218.1000/uuf50-0583.cnf
INFO:root:Using DPLL with watched literals solver.
INFO:root:Number of Variables: 50
INFO:root:Number of Clauses: 218
INFO:root:Runtime: 0.0048 seconds
INFO:root:Memory used: 0.0000 KB
INFO:root:Solving data/UUF50.218.1000/uuf50-0584.cnf
INFO:root:Using DPLL with watched literals solver.
INFO:root:Number of Variables: 50
INFO:root:Number of Clauses: 218
INFO:root:Runtime: 0.0040 seconds
INFO:root:Memory used: 0.0000 KB
INFO:root:Solving data/UUF50.218.1000/uuf50-0585.cnf
INFO:root:Using DPLL with watched literals solver.
INFO:root:Number of Variables: 50
INFO:root:Number of Clauses: 218
INFO:root:Runtime: 0.0033 seconds
INFO:root:Memory used: 0.0000 KB
INFO:root:Solving data/UUF50.218.1000/uuf50-0586.cnf
INFO:root:Using DPLL with watched literals solver.
INFO:root:Number of Variables: 50
INFO:root:Number of Clauses: 218
INFO:root:Runtime: 0.0035 seconds
INFO:root:Memory used: 0.0000 KB
INFO:root:Solving data/UUF50.218.1000/uuf50-0587.cnf
INFO:root:Using DPLL with watched literals solver.
INFO:root:Number of Variables: 50
INFO:root:Number of Clauses: 218
INFO:root:Runtime: 0.0069 seconds
INFO:root:Memory used: 0.0000 KB
INFO:root:Solving data/UUF50.218.1000/uuf50-0588.cnf
INFO:root:Using DPLL with watched literals solver.
INFO:root:Number of Variables: 50
INFO:root:Number of Clauses: 218
INFO:root:Runtime: 0.0072 seconds
INFO:root:Memory used: 0.0000 KB
INFO:root:Solving data/UUF50.218.1000/uuf50-059.cnf
INFO:root:Using DPLL with watched literals solver.
INFO:root:Number of Variables: 50
INFO:root:Number of Clauses: 218
INFO:root:Runtime: 0.0043 seconds
INFO:root:Memory used: 0.0000 KB
INFO:root:Solving data/UUF50.218.1000/uuf50-0589.cnf
INFO:root:Using DPLL with watched literals solver.
INFO:root:Number of Variables: 50
INFO:root:Number of Clauses: 218
INFO:root:Runtime: 0.0033 seconds
INFO:root:Memory used: 0.0000 KB
INFO:root:Solving data/UUF50.218.1000/uuf50-0590.cnf
INFO:root:Using DPLL with watched literals solver.
INFO:root:Number of Variables: 50
INFO:root:Number of Clauses: 218
INFO:root:Runtime: 0.0043 seconds
INFO:root:Memory used: 0.0000 KB
INFO:root:Solving data/UUF50.218.1000/uuf50-0591.cnf
INFO:root:Using DPLL with watched literals solver.
INFO:root:Number of Variables: 50
INFO:root:Number of Clauses: 218
INFO:root:Runtime: 0.0044 seconds
INFO:root:Memory used: 0.0000 KB
INFO:root:Solving data/UUF50.218.1000/uuf50-0592.cnf
INFO:root:Using DPLL with watched literals solver.
INFO:root:Number of Variables: 50
INFO:root:Number of Clauses: 218
INFO:root:Runtime: 0.0025 seconds
INFO:root:Memory used: 0.0000 KB
INFO:root:Solving data/UUF50.218.1000/uuf50-0593.cnf
INFO:root:Using DPLL with watched literals solver.
INFO:root:Number of Variables: 50
INFO:root:Number of Clauses: 218
INFO:root:Runtime: 0.0034 seconds
INFO:root:Memory used: 0.0000 KB
INFO:root:Solving data/UUF50.218.1000/uuf50-0594.cnf
INFO:root:Using DPLL with watched literals solver.
INFO:root:Number of Variables: 50
INFO:root:Number of Clauses: 218
INFO:root:Runtime: 0.0053 seconds
INFO:root:Memory used: 0.0000 KB
INFO:root:Solving data/UUF50.218.1000/uuf50-0596.cnf
INFO:root:Using DPLL with watched literals solver.
INFO:root:Number of Variables: 50
INFO:root:Number of Clauses: 218
INFO:root:Runtime: 0.0050 seconds
INFO:root:Memory used: 0.0000 KB
INFO:root:Solving data/UUF50.218.1000/uuf50-0595.cnf
INFO:root:Using DPLL with watched literals solver.
INFO:root:Number of Variables: 50
INFO:root:Number of Clauses: 218
INFO:root:Runtime: 0.0029 seconds
INFO:root:Memory used: 0.0000 KB
INFO:root:Solving data/UUF50.218.1000/uuf50-0597.cnf
INFO:root:Using DPLL with watched literals solver.
INFO:root:Number of Variables: 50
INFO:root:Number of Clauses: 218
INFO:root:Runtime: 0.0054 seconds
INFO:root:Memory used: 0.0000 KB
INFO:root:Solving data/UUF50.218.1000/uuf50-0598.cnf
INFO:root:Using DPLL with watched literals solver.
INFO:root:Number of Variables: 50
INFO:root:Number of Clauses: 218
INFO:root:Runtime: 0.0072 seconds
INFO:root:Memory used: 0.0000 KB
INFO:root:Solving data/UUF50.218.1000/uuf50-0599.cnf
INFO:root:Using DPLL with watched literals solver.
INFO:root:Number of Variables: 50
INFO:root:Number of Clauses: 218
INFO:root:Runtime: 0.0038 seconds
INFO:root:Memory used: 0.0000 KB
INFO:root:Solving data/UUF50.218.1000/uuf50-06.cnf
INFO:root:Using DPLL with watched literals solver.
INFO:root:Number of Variables: 50
INFO:root:Number of Clauses: 218
INFO:root:Runtime: 0.0036 seconds
INFO:root:Memory used: 0.0000 KB
INFO:root:Solving data/UUF50.218.1000/uuf50-060.cnf
INFO:root:Using DPLL with watched literals solver.
INFO:root:Number of Variables: 50
INFO:root:Number of Clauses: 218
INFO:root:Runtime: 0.0051 seconds
INFO:root:Memory used: 0.0000 KB
INFO:root:Solving data/UUF50.218.1000/uuf50-0601.cnf
INFO:root:Using DPLL with watched literals solver.
INFO:root:Number of Variables: 50
INFO:root:Number of Clauses: 218
INFO:root:Runtime: 0.0057 seconds
INFO:root:Memory used: 0.0000 KB
INFO:root:Solving data/UUF50.218.1000/uuf50-0600.cnf
INFO:root:Using DPLL with watched literals solver.
INFO:root:Number of Variables: 50
INFO:root:Number of Clauses: 218
INFO:root:Runtime: 0.0032 seconds
INFO:root:Memory used: 0.0000 KB
INFO:root:Solving data/UUF50.218.1000/uuf50-0602.cnf
INFO:root:Using DPLL with watched literals solver.
INFO:root:Number of Variables: 50
INFO:root:Number of Clauses: 218
INFO:root:Runtime: 0.0040 seconds
INFO:root:Memory used: 0.0000 KB
INFO:root:Solving data/UUF50.218.1000/uuf50-0603.cnf
INFO:root:Using DPLL with watched literals solver.
INFO:root:Number of Variables: 50
INFO:root:Number of Clauses: 218
INFO:root:Runtime: 0.0042 seconds
INFO:root:Memory used: 0.0000 KB
INFO:root:Solving data/UUF50.218.1000/uuf50-0604.cnf
INFO:root:Using DPLL with watched literals solver.
INFO:root:Number of Variables: 50
INFO:root:Number of Clauses: 218
INFO:root:Runtime: 0.0028 seconds
INFO:root:Memory used: 0.0000 KB
INFO:root:Solving data/UUF50.218.1000/uuf50-0605.cnf
INFO:root:Using DPLL with watched literals solver.
INFO:root:Number of Variables: 50
INFO:root:Number of Clauses: 218
INFO:root:Runtime: 0.0040 seconds
INFO:root:Memory used: 0.0000 KB
INFO:root:Solving data/UUF50.218.1000/uuf50-0606.cnf
INFO:root:Using DPLL with watched literals solver.
INFO:root:Number of Variables: 50
INFO:root:Number of Clauses: 218
INFO:root:Runtime: 0.0046 seconds
INFO:root:Memory used: 0.0000 KB
INFO:root:Solving data/UUF50.218.1000/uuf50-0607.cnf
INFO:root:Using DPLL with watched literals solver.
INFO:root:Number of Variables: 50
INFO:root:Number of Clauses: 218
INFO:root:Runtime: 0.0034 seconds
INFO:root:Memory used: 0.0000 KB
INFO:root:Solving data/UUF50.218.1000/uuf50-0608.cnf
INFO:root:Using DPLL with watched literals solver.
INFO:root:Number of Variables: 50
INFO:root:Number of Clauses: 218
INFO:root:Runtime: 0.0045 seconds
INFO:root:Memory used: 0.0000 KB
INFO:root:Solving data/UUF50.218.1000/uuf50-061.cnf
INFO:root:Using DPLL with watched literals solver.
INFO:root:Number of Variables: 50
INFO:root:Number of Clauses: 218
INFO:root:Runtime: 0.0065 seconds
INFO:root:Memory used: 0.0000 KB
INFO:root:Solving data/UUF50.218.1000/uuf50-0609.cnf
INFO:root:Using DPLL with watched literals solver.
INFO:root:Number of Variables: 50
INFO:root:Number of Clauses: 218
INFO:root:Runtime: 0.0053 seconds
INFO:root:Memory used: 0.0000 KB
INFO:root:Solving data/UUF50.218.1000/uuf50-0613.cnf
INFO:root:Using DPLL with watched literals solver.
INFO:root:Number of Variables: 50
INFO:root:Number of Clauses: 218
INFO:root:Runtime: 0.0053 seconds
INFO:root:Memory used: 0.0000 KB
INFO:root:Solving data/UUF50.218.1000/uuf50-0612.cnf
INFO:root:Using DPLL with watched literals solver.
INFO:root:Number of Variables: 50
INFO:root:Number of Clauses: 218
INFO:root:Runtime: 0.0037 seconds
INFO:root:Memory used: 0.0000 KB
INFO:root:Solving data/UUF50.218.1000/uuf50-0610.cnf
INFO:root:Using DPLL with watched literals solver.
INFO:root:Number of Variables: 50
INFO:root:Number of Clauses: 218
INFO:root:Runtime: 0.0040 seconds
INFO:root:Memory used: 0.0000 KB
INFO:root:Solving data/UUF50.218.1000/uuf50-0611.cnf
INFO:root:Using DPLL with watched literals solver.
INFO:root:Number of Variables: 50
INFO:root:Number of Clauses: 218
INFO:root:Runtime: 0.0052 seconds
INFO:root:Memory used: 0.0000 KB
INFO:root:Solving data/UUF50.218.1000/uuf50-0614.cnf
INFO:root:Using DPLL with watched literals solver.
INFO:root:Number of Variables: 50
INFO:root:Number of Clauses: 218
INFO:root:Runtime: 0.0046 seconds
INFO:root:Memory used: 0.0000 KB
INFO:root:Solving data/UUF50.218.1000/uuf50-0617.cnf
INFO:root:Using DPLL with watched literals solver.
INFO:root:Number of Variables: 50
INFO:root:Number of Clauses: 218
INFO:root:Runtime: 0.0049 seconds
INFO:root:Memory used: 0.0000 KB
INFO:root:Solving data/UUF50.218.1000/uuf50-0615.cnf
INFO:root:Using DPLL with watched literals solver.
INFO:root:Number of Variables: 50
INFO:root:Number of Clauses: 218
INFO:root:Runtime: 0.0034 seconds
INFO:root:Memory used: 0.0000 KB
INFO:root:Solving data/UUF50.218.1000/uuf50-0616.cnf
INFO:root:Using DPLL with watched literals solver.
INFO:root:Number of Variables: 50
INFO:root:Number of Clauses: 218
INFO:root:Runtime: 0.0038 seconds
INFO:root:Memory used: 0.0000 KB
INFO:root:Solving data/UUF50.218.1000/uuf50-0618.cnf
INFO:root:Using DPLL with watched literals solver.
INFO:root:Number of Variables: 50
INFO:root:Number of Clauses: 218
INFO:root:Runtime: 0.0027 seconds
INFO:root:Memory used: 0.0000 KB
INFO:root:Solving data/UUF50.218.1000/uuf50-0619.cnf
INFO:root:Using DPLL with watched literals solver.
INFO:root:Number of Variables: 50
INFO:root:Number of Clauses: 218
INFO:root:Runtime: 0.0053 seconds
INFO:root:Memory used: 0.0000 KB
INFO:root:Solving data/UUF50.218.1000/uuf50-0620.cnf
INFO:root:Using DPLL with watched literals solver.
INFO:root:Number of Variables: 50
INFO:root:Number of Clauses: 218
INFO:root:Runtime: 0.0041 seconds
INFO:root:Memory used: 0.0000 KB
INFO:root:Solving data/UUF50.218.1000/uuf50-062.cnf
INFO:root:Using DPLL with watched literals solver.
INFO:root:Number of Variables: 50
INFO:root:Number of Clauses: 218
INFO:root:Runtime: 0.0028 seconds
INFO:root:Memory used: 0.0000 KB
INFO:root:Solving data/UUF50.218.1000/uuf50-0621.cnf
INFO:root:Using DPLL with watched literals solver.
INFO:root:Number of Variables: 50
INFO:root:Number of Clauses: 218
INFO:root:Runtime: 0.0032 seconds
INFO:root:Memory used: 0.0000 KB
INFO:root:Solving data/UUF50.218.1000/uuf50-0622.cnf
INFO:root:Using DPLL with watched literals solver.
INFO:root:Number of Variables: 50
INFO:root:Number of Clauses: 218
INFO:root:Runtime: 0.0028 seconds
INFO:root:Memory used: 0.0000 KB
INFO:root:Solving data/UUF50.218.1000/uuf50-0623.cnf
INFO:root:Using DPLL with watched literals solver.
INFO:root:Number of Variables: 50
INFO:root:Number of Clauses: 218
INFO:root:Runtime: 0.0051 seconds
INFO:root:Memory used: 0.0000 KB
INFO:root:Solving data/UUF50.218.1000/uuf50-0624.cnf
INFO:root:Using DPLL with watched literals solver.
INFO:root:Number of Variables: 50
INFO:root:Number of Clauses: 218
INFO:root:Runtime: 0.0044 seconds
INFO:root:Memory used: 0.0000 KB
INFO:root:Solving data/UUF50.218.1000/uuf50-0625.cnf
INFO:root:Using DPLL with watched literals solver.
INFO:root:Number of Variables: 50
INFO:root:Number of Clauses: 218
INFO:root:Runtime: 0.0053 seconds
INFO:root:Memory used: 0.0000 KB
INFO:root:Solving data/UUF50.218.1000/uuf50-0626.cnf
INFO:root:Using DPLL with watched literals solver.
INFO:root:Number of Variables: 50
INFO:root:Number of Clauses: 218
INFO:root:Runtime: 0.0050 seconds
INFO:root:Memory used: 0.0000 KB
INFO:root:Solving data/UUF50.218.1000/uuf50-0627.cnf
INFO:root:Using DPLL with watched literals solver.
INFO:root:Number of Variables: 50
INFO:root:Number of Clauses: 218
INFO:root:Runtime: 0.0043 seconds
INFO:root:Memory used: 0.0000 KB
INFO:root:Solving data/UUF50.218.1000/uuf50-0628.cnf
INFO:root:Using DPLL with watched literals solver.
INFO:root:Number of Variables: 50
INFO:root:Number of Clauses: 218
INFO:root:Runtime: 0.0069 seconds
INFO:root:Memory used: 0.0000 KB
INFO:root:Solving data/UUF50.218.1000/uuf50-0629.cnf
INFO:root:Using DPLL with watched literals solver.
INFO:root:Number of Variables: 50
INFO:root:Number of Clauses: 218
INFO:root:Runtime: 0.0035 seconds
INFO:root:Memory used: 0.0000 KB
INFO:root:Solving data/UUF50.218.1000/uuf50-063.cnf
INFO:root:Using DPLL with watched literals solver.
INFO:root:Number of Variables: 50
INFO:root:Number of Clauses: 218
INFO:root:Runtime: 0.0032 seconds
INFO:root:Memory used: 0.0000 KB
INFO:root:Solving data/UUF50.218.1000/uuf50-0630.cnf
INFO:root:Using DPLL with watched literals solver.
INFO:root:Number of Variables: 50
INFO:root:Number of Clauses: 218
INFO:root:Runtime: 0.0024 seconds
INFO:root:Memory used: 0.0000 KB
INFO:root:Solving data/UUF50.218.1000/uuf50-0631.cnf
INFO:root:Using DPLL with watched literals solver.
INFO:root:Number of Variables: 50
INFO:root:Number of Clauses: 218
INFO:root:Runtime: 0.0069 seconds
INFO:root:Memory used: 0.0000 KB
INFO:root:Solving data/UUF50.218.1000/uuf50-0633.cnf
INFO:root:Using DPLL with watched literals solver.
INFO:root:Number of Variables: 50
INFO:root:Number of Clauses: 218
INFO:root:Runtime: 0.0034 seconds
INFO:root:Memory used: 0.0000 KB
INFO:root:Solving data/UUF50.218.1000/uuf50-0632.cnf
INFO:root:Using DPLL with watched literals solver.
INFO:root:Number of Variables: 50
INFO:root:Number of Clauses: 218
INFO:root:Runtime: 0.0052 seconds
INFO:root:Memory used: 0.0000 KB
INFO:root:Solving data/UUF50.218.1000/uuf50-0634.cnf
INFO:root:Using DPLL with watched literals solver.
INFO:root:Number of Variables: 50
INFO:root:Number of Clauses: 218
INFO:root:Runtime: 0.0044 seconds
INFO:root:Memory used: 0.0000 KB
INFO:root:Solving data/UUF50.218.1000/uuf50-0635.cnf
INFO:root:Using DPLL with watched literals solver.
INFO:root:Number of Variables: 50
INFO:root:Number of Clauses: 218
INFO:root:Runtime: 0.0030 seconds
INFO:root:Memory used: 0.0000 KB
INFO:root:Solving data/UUF50.218.1000/uuf50-0636.cnf
INFO:root:Using DPLL with watched literals solver.
INFO:root:Number of Variables: 50
INFO:root:Number of Clauses: 218
INFO:root:Runtime: 0.0026 seconds
INFO:root:Memory used: 0.0000 KB
INFO:root:Solving data/UUF50.218.1000/uuf50-0637.cnf
INFO:root:Using DPLL with watched literals solver.
INFO:root:Number of Variables: 50
INFO:root:Number of Clauses: 218
INFO:root:Runtime: 0.0042 seconds
INFO:root:Memory used: 0.0000 KB
INFO:root:Solving data/UUF50.218.1000/uuf50-0638.cnf
INFO:root:Using DPLL with watched literals solver.
INFO:root:Number of Variables: 50
INFO:root:Number of Clauses: 218
INFO:root:Runtime: 0.0058 seconds
INFO:root:Memory used: 0.0000 KB
INFO:root:Solving data/UUF50.218.1000/uuf50-0639.cnf
INFO:root:Using DPLL with watched literals solver.
INFO:root:Number of Variables: 50
INFO:root:Number of Clauses: 218
INFO:root:Runtime: 0.0049 seconds
INFO:root:Memory used: 0.0000 KB
INFO:root:Solving data/UUF50.218.1000/uuf50-0640.cnf
INFO:root:Using DPLL with watched literals solver.
INFO:root:Number of Variables: 50
INFO:root:Number of Clauses: 218
INFO:root:Runtime: 0.0043 seconds
INFO:root:Memory used: 0.0000 KB
INFO:root:Solving data/UUF50.218.1000/uuf50-064.cnf
INFO:root:Using DPLL with watched literals solver.
INFO:root:Number of Variables: 50
INFO:root:Number of Clauses: 218
INFO:root:Runtime: 0.0038 seconds
INFO:root:Memory used: 0.0000 KB
INFO:root:Solving data/UUF50.218.1000/uuf50-0641.cnf
INFO:root:Using DPLL with watched literals solver.
INFO:root:Number of Variables: 50
INFO:root:Number of Clauses: 218
INFO:root:Runtime: 0.0047 seconds
INFO:root:Memory used: 0.0000 KB
INFO:root:Solving data/UUF50.218.1000/uuf50-0642.cnf
INFO:root:Using DPLL with watched literals solver.
INFO:root:Number of Variables: 50
INFO:root:Number of Clauses: 218
INFO:root:Runtime: 0.0041 seconds
INFO:root:Memory used: 0.0000 KB
INFO:root:Solving data/UUF50.218.1000/uuf50-0643.cnf
INFO:root:Using DPLL with watched literals solver.
INFO:root:Number of Variables: 50
INFO:root:Number of Clauses: 218
INFO:root:Runtime: 0.0034 seconds
INFO:root:Memory used: 0.0000 KB
INFO:root:Solving data/UUF50.218.1000/uuf50-0646.cnf
INFO:root:Using DPLL with watched literals solver.
INFO:root:Number of Variables: 50
INFO:root:Number of Clauses: 218
INFO:root:Runtime: 0.0030 seconds
INFO:root:Memory used: 0.0000 KB
INFO:root:Solving data/UUF50.218.1000/uuf50-0644.cnf
INFO:root:Using DPLL with watched literals solver.
INFO:root:Number of Variables: 50
INFO:root:Number of Clauses: 218
INFO:root:Runtime: 0.0036 seconds
INFO:root:Memory used: 0.0000 KB
INFO:root:Solving data/UUF50.218.1000/uuf50-0645.cnf
INFO:root:Using DPLL with watched literals solver.
INFO:root:Number of Variables: 50
INFO:root:Number of Clauses: 218
INFO:root:Runtime: 0.0037 seconds
INFO:root:Memory used: 0.0000 KB
INFO:root:Solving data/UUF50.218.1000/uuf50-0647.cnf
INFO:root:Using DPLL with watched literals solver.
INFO:root:Number of Variables: 50
INFO:root:Number of Clauses: 218
INFO:root:Runtime: 0.0031 seconds
INFO:root:Memory used: 0.0000 KB
INFO:root:Solving data/UUF50.218.1000/uuf50-0648.cnf
INFO:root:Using DPLL with watched literals solver.
INFO:root:Number of Variables: 50
INFO:root:Number of Clauses: 218
INFO:root:Runtime: 0.0075 seconds
INFO:root:Memory used: 0.0000 KB
INFO:root:Solving data/UUF50.218.1000/uuf50-0649.cnf
INFO:root:Using DPLL with watched literals solver.
INFO:root:Number of Variables: 50
INFO:root:Number of Clauses: 218
INFO:root:Runtime: 0.0043 seconds
INFO:root:Memory used: 0.0000 KB
INFO:root:Solving data/UUF50.218.1000/uuf50-0650.cnf
INFO:root:Using DPLL with watched literals solver.
INFO:root:Number of Variables: 50
INFO:root:Number of Clauses: 218
INFO:root:Runtime: 0.0033 seconds
INFO:root:Memory used: 0.0000 KB
INFO:root:Solving data/UUF50.218.1000/uuf50-0651.cnf
INFO:root:Using DPLL with watched literals solver.
INFO:root:Number of Variables: 50
INFO:root:Number of Clauses: 218
INFO:root:Runtime: 0.0026 seconds
INFO:root:Memory used: 0.0000 KB
INFO:root:Solving data/UUF50.218.1000/uuf50-0652.cnf
INFO:root:Using DPLL with watched literals solver.
INFO:root:Number of Variables: 50
INFO:root:Number of Clauses: 218
INFO:root:Runtime: 0.0033 seconds
INFO:root:Memory used: 0.0000 KB
INFO:root:Solving data/UUF50.218.1000/uuf50-065.cnf
INFO:root:Using DPLL with watched literals solver.
INFO:root:Number of Variables: 50
INFO:root:Number of Clauses: 218
INFO:root:Runtime: 0.0059 seconds
INFO:root:Memory used: 0.0000 KB
INFO:root:Solving data/UUF50.218.1000/uuf50-0654.cnf
INFO:root:Using DPLL with watched literals solver.
INFO:root:Number of Variables: 50
INFO:root:Number of Clauses: 218
INFO:root:Runtime: 0.0034 seconds
INFO:root:Memory used: 0.0000 KB
INFO:root:Solving data/UUF50.218.1000/uuf50-0653.cnf
INFO:root:Using DPLL with watched literals solver.
INFO:root:Number of Variables: 50
INFO:root:Number of Clauses: 218
INFO:root:Runtime: 0.0049 seconds
INFO:root:Memory used: 0.0000 KB
INFO:root:Solving data/UUF50.218.1000/uuf50-0655.cnf
INFO:root:Using DPLL with watched literals solver.
INFO:root:Number of Variables: 50
INFO:root:Number of Clauses: 218
INFO:root:Runtime: 0.0043 seconds
INFO:root:Memory used: 0.0000 KB
INFO:root:Solving data/UUF50.218.1000/uuf50-0656.cnf
INFO:root:Using DPLL with watched literals solver.
INFO:root:Number of Variables: 50
INFO:root:Number of Clauses: 218
INFO:root:Runtime: 0.0056 seconds
INFO:root:Memory used: 0.0000 KB
INFO:root:Solving data/UUF50.218.1000/uuf50-0658.cnf
INFO:root:Using DPLL with watched literals solver.
INFO:root:Number of Variables: 50
INFO:root:Number of Clauses: 218
INFO:root:Runtime: 0.0055 seconds
INFO:root:Memory used: 0.0000 KB
INFO:root:Solving data/UUF50.218.1000/uuf50-0657.cnf
INFO:root:Using DPLL with watched literals solver.
INFO:root:Number of Variables: 50
INFO:root:Number of Clauses: 218
INFO:root:Runtime: 0.0031 seconds
INFO:root:Memory used: 0.0000 KB
INFO:root:Solving data/UUF50.218.1000/uuf50-0659.cnf
INFO:root:Using DPLL with watched literals solver.
INFO:root:Number of Variables: 50
INFO:root:Number of Clauses: 218
INFO:root:Runtime: 0.0054 seconds
INFO:root:Memory used: 0.0000 KB
INFO:root:Solving data/UUF50.218.1000/uuf50-066.cnf
INFO:root:Using DPLL with watched literals solver.
INFO:root:Number of Variables: 50
INFO:root:Number of Clauses: 218
INFO:root:Runtime: 0.0039 seconds
INFO:root:Memory used: 0.0000 KB
INFO:root:Solving data/UUF50.218.1000/uuf50-0660.cnf
INFO:root:Using DPLL with watched literals solver.
INFO:root:Number of Variables: 50
INFO:root:Number of Clauses: 218
INFO:root:Runtime: 0.0044 seconds
INFO:root:Memory used: 0.0000 KB
INFO:root:Solving data/UUF50.218.1000/uuf50-0661.cnf
INFO:root:Using DPLL with watched literals solver.
INFO:root:Number of Variables: 50
INFO:root:Number of Clauses: 218
INFO:root:Runtime: 0.0038 seconds
INFO:root:Memory used: 0.0000 KB
INFO:root:Solving data/UUF50.218.1000/uuf50-0663.cnf
INFO:root:Using DPLL with watched literals solver.
INFO:root:Number of Variables: 50
INFO:root:Number of Clauses: 218
INFO:root:Runtime: 0.0029 seconds
INFO:root:Memory used: 0.0000 KB
INFO:root:Solving data/UUF50.218.1000/uuf50-0662.cnf
INFO:root:Using DPLL with watched literals solver.
INFO:root:Number of Variables: 50
INFO:root:Number of Clauses: 218
INFO:root:Runtime: 0.0029 seconds
INFO:root:Memory used: 0.0000 KB
INFO:root:Solving data/UUF50.218.1000/uuf50-0664.cnf
INFO:root:Using DPLL with watched literals solver.
INFO:root:Number of Variables: 50
INFO:root:Number of Clauses: 218
INFO:root:Runtime: 0.0039 seconds
INFO:root:Memory used: 0.0000 KB
INFO:root:Solving data/UUF50.218.1000/uuf50-0665.cnf
INFO:root:Using DPLL with watched literals solver.
INFO:root:Number of Variables: 50
INFO:root:Number of Clauses: 218
INFO:root:Runtime: 0.0037 seconds
INFO:root:Memory used: 0.0000 KB
INFO:root:Solving data/UUF50.218.1000/uuf50-0667.cnf
INFO:root:Using DPLL with watched literals solver.
INFO:root:Number of Variables: 50
INFO:root:Number of Clauses: 218
INFO:root:Runtime: 0.0051 seconds
INFO:root:Memory used: 0.0000 KB
INFO:root:Solving data/UUF50.218.1000/uuf50-0666.cnf
INFO:root:Using DPLL with watched literals solver.
INFO:root:Number of Variables: 50
INFO:root:Number of Clauses: 218
INFO:root:Runtime: 0.0029 seconds
INFO:root:Memory used: 0.0000 KB
INFO:root:Solving data/UUF50.218.1000/uuf50-0668.cnf
INFO:root:Using DPLL with watched literals solver.
INFO:root:Number of Variables: 50
INFO:root:Number of Clauses: 218
INFO:root:Runtime: 0.0032 seconds
INFO:root:Memory used: 0.0000 KB
INFO:root:Solving data/UUF50.218.1000/uuf50-067.cnf
INFO:root:Using DPLL with watched literals solver.
INFO:root:Number of Variables: 50
INFO:root:Number of Clauses: 218
INFO:root:Runtime: 0.0047 seconds
INFO:root:Memory used: 0.0000 KB
INFO:root:Solving data/UUF50.218.1000/uuf50-0669.cnf
INFO:root:Using DPLL with watched literals solver.
INFO:root:Number of Variables: 50
INFO:root:Number of Clauses: 218
INFO:root:Runtime: 0.0042 seconds
INFO:root:Memory used: 0.0000 KB
INFO:root:Solving data/UUF50.218.1000/uuf50-0670.cnf
INFO:root:Using DPLL with watched literals solver.
INFO:root:Number of Variables: 50
INFO:root:Number of Clauses: 218
INFO:root:Runtime: 0.0044 seconds
INFO:root:Memory used: 0.0000 KB
INFO:root:Solving data/UUF50.218.1000/uuf50-0671.cnf
INFO:root:Using DPLL with watched literals solver.
INFO:root:Number of Variables: 50
INFO:root:Number of Clauses: 218
INFO:root:Runtime: 0.0058 seconds
INFO:root:Memory used: 0.0000 KB
INFO:root:Solving data/UUF50.218.1000/uuf50-0672.cnf
INFO:root:Using DPLL with watched literals solver.
INFO:root:Number of Variables: 50
INFO:root:Number of Clauses: 218
INFO:root:Runtime: 0.0029 seconds
INFO:root:Memory used: 0.0000 KB
INFO:root:Solving data/UUF50.218.1000/uuf50-0673.cnf
INFO:root:Using DPLL with watched literals solver.
INFO:root:Number of Variables: 50
INFO:root:Number of Clauses: 218
INFO:root:Runtime: 0.0036 seconds
INFO:root:Memory used: 0.0000 KB
INFO:root:Solving data/UUF50.218.1000/uuf50-0675.cnf
INFO:root:Using DPLL with watched literals solver.
INFO:root:Number of Variables: 50
INFO:root:Number of Clauses: 218
INFO:root:Runtime: 0.0033 seconds
INFO:root:Memory used: 0.0000 KB
INFO:root:Solving data/UUF50.218.1000/uuf50-0676.cnf
INFO:root:Using DPLL with watched literals solver.
INFO:root:Number of Variables: 50
INFO:root:Number of Clauses: 218
INFO:root:Runtime: 0.0037 seconds
INFO:root:Memory used: 0.0000 KB
INFO:root:Solving data/UUF50.218.1000/uuf50-0674.cnf
INFO:root:Using DPLL with watched literals solver.
INFO:root:Number of Variables: 50
INFO:root:Number of Clauses: 218
INFO:root:Runtime: 0.0024 seconds
INFO:root:Memory used: 0.0000 KB
INFO:root:Solving data/UUF50.218.1000/uuf50-0677.cnf
INFO:root:Using DPLL with watched literals solver.
INFO:root:Number of Variables: 50
INFO:root:Number of Clauses: 218
INFO:root:Runtime: 0.0038 seconds
INFO:root:Memory used: 0.0000 KB
INFO:root:Solving data/UUF50.218.1000/uuf50-0678.cnf
INFO:root:Using DPLL with watched literals solver.
INFO:root:Number of Variables: 50
INFO:root:Number of Clauses: 218
INFO:root:Runtime: 0.0033 seconds
INFO:root:Memory used: 0.0000 KB
INFO:root:Solving data/UUF50.218.1000/uuf50-0679.cnf
INFO:root:Using DPLL with watched literals solver.
INFO:root:Number of Variables: 50
INFO:root:Number of Clauses: 218
INFO:root:Runtime: 0.0065 seconds
INFO:root:Memory used: 0.0000 KB
INFO:root:Solving data/UUF50.218.1000/uuf50-068.cnf
INFO:root:Using DPLL with watched literals solver.
INFO:root:Number of Variables: 50
INFO:root:Number of Clauses: 218
INFO:root:Runtime: 0.0040 seconds
INFO:root:Memory used: 0.0000 KB
INFO:root:Solving data/UUF50.218.1000/uuf50-0681.cnf
INFO:root:Using DPLL with watched literals solver.
INFO:root:Number of Variables: 50
INFO:root:Number of Clauses: 218
INFO:root:Runtime: 0.0060 seconds
INFO:root:Memory used: 0.0000 KB
INFO:root:Solving data/UUF50.218.1000/uuf50-0680.cnf
INFO:root:Using DPLL with watched literals solver.
INFO:root:Number of Variables: 50
INFO:root:Number of Clauses: 218
INFO:root:Runtime: 0.0044 seconds
INFO:root:Memory used: 0.0000 KB
INFO:root:Solving data/UUF50.218.1000/uuf50-0682.cnf
INFO:root:Using DPLL with watched literals solver.
INFO:root:Number of Variables: 50
INFO:root:Number of Clauses: 218
INFO:root:Runtime: 0.0041 seconds
INFO:root:Memory used: 0.0000 KB
INFO:root:Solving data/UUF50.218.1000/uuf50-0683.cnf
INFO:root:Using DPLL with watched literals solver.
INFO:root:Number of Variables: 50
INFO:root:Number of Clauses: 218
INFO:root:Runtime: 0.0068 seconds
INFO:root:Memory used: 0.0000 KB
INFO:root:Solving data/UUF50.218.1000/uuf50-0685.cnf
INFO:root:Using DPLL with watched literals solver.
INFO:root:Number of Variables: 50
INFO:root:Number of Clauses: 218
INFO:root:Runtime: 0.0048 seconds
INFO:root:Memory used: 0.0000 KB
INFO:root:Solving data/UUF50.218.1000/uuf50-092.cnf
INFO:root:Using DPLL with watched literals solver.
INFO:root:Number of Variables: 50
INFO:root:Number of Clauses: 218
INFO:root:Runtime: 0.0053 seconds
INFO:root:Memory used: 0.0000 KB
INFO:root:Solving data/UUF50.218.1000/uuf50-0684.cnf
INFO:root:Using DPLL with watched literals solver.
INFO:root:Number of Variables: 50
INFO:root:Number of Clauses: 218
INFO:root:Runtime: 0.0046 seconds
INFO:root:Memory used: 0.0000 KB
INFO:root:Solving data/UUF50.218.1000/uuf50-0686.cnf
INFO:root:Using DPLL with watched literals solver.
INFO:root:Number of Variables: 50
INFO:root:Number of Clauses: 218
INFO:root:Runtime: 0.0031 seconds
INFO:root:Memory used: 0.0000 KB
INFO:root:Solving data/UUF50.218.1000/uuf50-0688.cnf
INFO:root:Using DPLL with watched literals solver.
INFO:root:Number of Variables: 50
INFO:root:Number of Clauses: 218
INFO:root:Runtime: 0.0035 seconds
INFO:root:Memory used: 0.0000 KB
INFO:root:Solving data/UUF50.218.1000/uuf50-0689.cnf
INFO:root:Using DPLL with watched literals solver.
INFO:root:Number of Variables: 50
INFO:root:Number of Clauses: 218
INFO:root:Runtime: 0.0040 seconds
INFO:root:Memory used: 0.0000 KB
INFO:root:Solving data/UUF50.218.1000/uuf50-0687.cnf
INFO:root:Using DPLL with watched literals solver.
INFO:root:Number of Variables: 50
INFO:root:Number of Clauses: 218
INFO:root:Runtime: 0.0037 seconds
INFO:root:Memory used: 0.0000 KB
INFO:root:Solving data/UUF50.218.1000/uuf50-0690.cnf
INFO:root:Using DPLL with watched literals solver.
INFO:root:Number of Variables: 50
INFO:root:Number of Clauses: 218
INFO:root:Runtime: 0.0058 seconds
INFO:root:Memory used: 0.0000 KB
INFO:root:Solving data/UUF50.218.1000/uuf50-069.cnf
INFO:root:Using DPLL with watched literals solver.
INFO:root:Number of Variables: 50
INFO:root:Number of Clauses: 218
INFO:root:Runtime: 0.0044 seconds
INFO:root:Memory used: 0.0000 KB
INFO:root:Solving data/UUF50.218.1000/uuf50-0691.cnf
INFO:root:Using DPLL with watched literals solver.
INFO:root:Number of Variables: 50
INFO:root:Number of Clauses: 218
INFO:root:Runtime: 0.0067 seconds
INFO:root:Memory used: 0.0000 KB
INFO:root:Solving data/UUF50.218.1000/uuf50-0692.cnf
INFO:root:Using DPLL with watched literals solver.
INFO:root:Number of Variables: 50
INFO:root:Number of Clauses: 218
INFO:root:Runtime: 0.0054 seconds
INFO:root:Memory used: 0.0000 KB
INFO:root:Solving data/UUF50.218.1000/uuf50-0694.cnf
INFO:root:Using DPLL with watched literals solver.
INFO:root:Number of Variables: 50
INFO:root:Number of Clauses: 218
INFO:root:Runtime: 0.0062 seconds
INFO:root:Memory used: 0.0000 KB
INFO:root:Solving data/UUF50.218.1000/uuf50-0693.cnf
INFO:root:Using DPLL with watched literals solver.
INFO:root:Number of Variables: 50
INFO:root:Number of Clauses: 218
INFO:root:Runtime: 0.0039 seconds
INFO:root:Memory used: 0.0000 KB
INFO:root:Solving data/UUF50.218.1000/uuf50-0695.cnf
INFO:root:Using DPLL with watched literals solver.
INFO:root:Number of Variables: 50
INFO:root:Number of Clauses: 218
INFO:root:Runtime: 0.0031 seconds
INFO:root:Memory used: 0.0000 KB
INFO:root:Solving data/UUF50.218.1000/uuf50-0696.cnf
INFO:root:Using DPLL with watched literals solver.
INFO:root:Number of Variables: 50
INFO:root:Number of Clauses: 218
INFO:root:Runtime: 0.0053 seconds
INFO:root:Memory used: 0.0000 KB
INFO:root:Solving data/UUF50.218.1000/uuf50-0697.cnf
INFO:root:Using DPLL with watched literals solver.
INFO:root:Number of Variables: 50
INFO:root:Number of Clauses: 218
INFO:root:Runtime: 0.0043 seconds
INFO:root:Memory used: 0.0000 KB
INFO:root:Solving data/UUF50.218.1000/uuf50-0698.cnf
INFO:root:Using DPLL with watched literals solver.
INFO:root:Number of Variables: 50
INFO:root:Number of Clauses: 218
INFO:root:Runtime: 0.0031 seconds
INFO:root:Memory used: 0.0000 KB
INFO:root:Solving data/UUF50.218.1000/uuf50-0699.cnf
INFO:root:Using DPLL with watched literals solver.
INFO:root:Number of Variables: 50
INFO:root:Number of Clauses: 218
INFO:root:Runtime: 0.0035 seconds
INFO:root:Memory used: 0.0000 KB
INFO:root:Solving data/UUF50.218.1000/uuf50-07.cnf
INFO:root:Using DPLL with watched literals solver.
INFO:root:Number of Variables: 50
INFO:root:Number of Clauses: 218
INFO:root:Runtime: 0.0046 seconds
INFO:root:Memory used: 0.0000 KB
INFO:root:Solving data/UUF50.218.1000/uuf50-070.cnf
INFO:root:Using DPLL with watched literals solver.
INFO:root:Number of Variables: 50
INFO:root:Number of Clauses: 218
INFO:root:Runtime: 0.0044 seconds
INFO:root:Memory used: 0.0000 KB
INFO:root:Solving data/UUF50.218.1000/uuf50-0700.cnf
INFO:root:Using DPLL with watched literals solver.
INFO:root:Number of Variables: 50
INFO:root:Number of Clauses: 218
INFO:root:Runtime: 0.0043 seconds
INFO:root:Memory used: 0.0000 KB
INFO:root:Solving data/UUF50.218.1000/uuf50-0701.cnf
INFO:root:Using DPLL with watched literals solver.
INFO:root:Number of Variables: 50
INFO:root:Number of Clauses: 218
INFO:root:Runtime: 0.0027 seconds
INFO:root:Memory used: 0.0000 KB
INFO:root:Solving data/UUF50.218.1000/uuf50-0702.cnf
INFO:root:Using DPLL with watched literals solver.
INFO:root:Number of Variables: 50
INFO:root:Number of Clauses: 218
INFO:root:Runtime: 0.0045 seconds
INFO:root:Memory used: 0.0000 KB
INFO:root:Solving data/UUF50.218.1000/uuf50-0703.cnf
INFO:root:Using DPLL with watched literals solver.
INFO:root:Number of Variables: 50
INFO:root:Number of Clauses: 218
INFO:root:Runtime: 0.0029 seconds
INFO:root:Memory used: 0.0000 KB
INFO:root:Solving data/UUF50.218.1000/uuf50-0704.cnf
INFO:root:Using DPLL with watched literals solver.
INFO:root:Number of Variables: 50
INFO:root:Number of Clauses: 218
INFO:root:Runtime: 0.0036 seconds
INFO:root:Memory used: 0.0000 KB
INFO:root:Solving data/UUF50.218.1000/uuf50-0707.cnf
INFO:root:Using DPLL with watched literals solver.
INFO:root:Number of Variables: 50
INFO:root:Number of Clauses: 218
INFO:root:Runtime: 0.0034 seconds
INFO:root:Memory used: 0.0000 KB
INFO:root:Solving data/UUF50.218.1000/uuf50-0705.cnf
INFO:root:Using DPLL with watched literals solver.
INFO:root:Number of Variables: 50
INFO:root:Number of Clauses: 218
INFO:root:Runtime: 0.0037 seconds
INFO:root:Memory used: 0.0000 KB
INFO:root:Solving data/UUF50.218.1000/uuf50-0706.cnf
INFO:root:Using DPLL with watched literals solver.
INFO:root:Number of Variables: 50
INFO:root:Number of Clauses: 218
INFO:root:Runtime: 0.0046 seconds
INFO:root:Memory used: 0.0000 KB
INFO:root:Solving data/UUF50.218.1000/uuf50-0708.cnf
INFO:root:Using DPLL with watched literals solver.
INFO:root:Number of Variables: 50
INFO:root:Number of Clauses: 218
INFO:root:Runtime: 0.0044 seconds
INFO:root:Memory used: 0.0000 KB
INFO:root:Solving data/UUF50.218.1000/uuf50-0709.cnf
INFO:root:Using DPLL with watched literals solver.
INFO:root:Number of Variables: 50
INFO:root:Number of Clauses: 218
INFO:root:Runtime: 0.0045 seconds
INFO:root:Memory used: 0.0000 KB
INFO:root:Solving data/UUF50.218.1000/uuf50-0710.cnf
INFO:root:Using DPLL with watched literals solver.
INFO:root:Number of Variables: 50
INFO:root:Number of Clauses: 218
INFO:root:Runtime: 0.0044 seconds
INFO:root:Memory used: 0.0000 KB
INFO:root:Solving data/UUF50.218.1000/uuf50-071.cnf
INFO:root:Using DPLL with watched literals solver.
INFO:root:Number of Variables: 50
INFO:root:Number of Clauses: 218
INFO:root:Runtime: 0.0031 seconds
INFO:root:Memory used: 0.0000 KB
INFO:root:Solving data/UUF50.218.1000/uuf50-0711.cnf
INFO:root:Using DPLL with watched literals solver.
INFO:root:Number of Variables: 50
INFO:root:Number of Clauses: 218
INFO:root:Runtime: 0.0036 seconds
INFO:root:Memory used: 0.0000 KB
INFO:root:Solving data/UUF50.218.1000/uuf50-0712.cnf
INFO:root:Using DPLL with watched literals solver.
INFO:root:Number of Variables: 50
INFO:root:Number of Clauses: 218
INFO:root:Runtime: 0.0038 seconds
INFO:root:Memory used: 0.0000 KB
INFO:root:Solving data/UUF50.218.1000/uuf50-0713.cnf
INFO:root:Using DPLL with watched literals solver.
INFO:root:Number of Variables: 50
INFO:root:Number of Clauses: 218
INFO:root:Runtime: 0.0027 seconds
INFO:root:Memory used: 0.0000 KB
INFO:root:Solving data/UUF50.218.1000/uuf50-0715.cnf
INFO:root:Using DPLL with watched literals solver.
INFO:root:Number of Variables: 50
INFO:root:Number of Clauses: 218
INFO:root:Runtime: 0.0029 seconds
INFO:root:Memory used: 0.0000 KB
INFO:root:Solving data/UUF50.218.1000/uuf50-0714.cnf
INFO:root:Using DPLL with watched literals solver.
INFO:root:Number of Variables: 50
INFO:root:Number of Clauses: 218
INFO:root:Runtime: 0.0050 seconds
INFO:root:Memory used: 0.0000 KB
INFO:root:Solving data/UUF50.218.1000/uuf50-0716.cnf
INFO:root:Using DPLL with watched literals solver.
INFO:root:Number of Variables: 50
INFO:root:Number of Clauses: 218
INFO:root:Runtime: 0.0032 seconds
INFO:root:Memory used: 0.0000 KB
INFO:root:Solving data/UUF50.218.1000/uuf50-0717.cnf
INFO:root:Using DPLL with watched literals solver.
INFO:root:Number of Variables: 50
INFO:root:Number of Clauses: 218
INFO:root:Runtime: 0.0033 seconds
INFO:root:Memory used: 0.0000 KB
INFO:root:Solving data/UUF50.218.1000/uuf50-0718.cnf
INFO:root:Using DPLL with watched literals solver.
INFO:root:Number of Variables: 50
INFO:root:Number of Clauses: 218
INFO:root:Runtime: 0.0065 seconds
INFO:root:Memory used: 0.0000 KB
INFO:root:Solving data/UUF50.218.1000/uuf50-0719.cnf
INFO:root:Using DPLL with watched literals solver.
INFO:root:Number of Variables: 50
INFO:root:Number of Clauses: 218
INFO:root:Runtime: 0.0039 seconds
INFO:root:Memory used: 0.0000 KB
INFO:root:Solving data/UUF50.218.1000/uuf50-0720.cnf
INFO:root:Using DPLL with watched literals solver.
INFO:root:Number of Variables: 50
INFO:root:Number of Clauses: 218
INFO:root:Runtime: 0.0033 seconds
INFO:root:Memory used: 0.0000 KB
INFO:root:Solving data/UUF50.218.1000/uuf50-072.cnf
INFO:root:Using DPLL with watched literals solver.
INFO:root:Number of Variables: 50
INFO:root:Number of Clauses: 218
INFO:root:Runtime: 0.0039 seconds
INFO:root:Memory used: 0.0000 KB
INFO:root:Solving data/UUF50.218.1000/uuf50-0721.cnf
INFO:root:Using DPLL with watched literals solver.
INFO:root:Number of Variables: 50
INFO:root:Number of Clauses: 218
INFO:root:Runtime: 0.0042 seconds
INFO:root:Memory used: 0.0000 KB
INFO:root:Solving data/UUF50.218.1000/uuf50-0722.cnf
INFO:root:Using DPLL with watched literals solver.
INFO:root:Number of Variables: 50
INFO:root:Number of Clauses: 218
INFO:root:Runtime: 0.0023 seconds
INFO:root:Memory used: 0.0000 KB
INFO:root:Solving data/UUF50.218.1000/uuf50-0724.cnf
INFO:root:Using DPLL with watched literals solver.
INFO:root:Number of Variables: 50
INFO:root:Number of Clauses: 218
INFO:root:Runtime: 0.0036 seconds
INFO:root:Memory used: 0.0000 KB
INFO:root:Solving data/UUF50.218.1000/uuf50-0723.cnf
INFO:root:Using DPLL with watched literals solver.
INFO:root:Number of Variables: 50
INFO:root:Number of Clauses: 218
INFO:root:Runtime: 0.0039 seconds
INFO:root:Memory used: 0.0000 KB
INFO:root:Solving data/UUF50.218.1000/uuf50-0725.cnf
INFO:root:Using DPLL with watched literals solver.
INFO:root:Number of Variables: 50
INFO:root:Number of Clauses: 218
INFO:root:Runtime: 0.0042 seconds
INFO:root:Memory used: 0.0000 KB
INFO:root:Solving data/UUF50.218.1000/uuf50-0727.cnf
INFO:root:Using DPLL with watched literals solver.
INFO:root:Number of Variables: 50
INFO:root:Number of Clauses: 218
INFO:root:Runtime: 0.0042 seconds
INFO:root:Memory used: 0.0000 KB
INFO:root:Solving data/UUF50.218.1000/uuf50-0726.cnf
INFO:root:Using DPLL with watched literals solver.
INFO:root:Number of Variables: 50
INFO:root:Number of Clauses: 218
INFO:root:Runtime: 0.0027 seconds
INFO:root:Memory used: 0.0000 KB
INFO:root:Solving data/UUF50.218.1000/uuf50-0728.cnf
INFO:root:Using DPLL with watched literals solver.
INFO:root:Number of Variables: 50
INFO:root:Number of Clauses: 218
INFO:root:Runtime: 0.0051 seconds
INFO:root:Memory used: 0.0000 KB
INFO:root:Solving data/UUF50.218.1000/uuf50-0729.cnf
INFO:root:Using DPLL with watched literals solver.
INFO:root:Number of Variables: 50
INFO:root:Number of Clauses: 218
INFO:root:Runtime: 0.0031 seconds
INFO:root:Memory used: 0.0000 KB
INFO:root:Solving data/UUF50.218.1000/uuf50-073.cnf
INFO:root:Using DPLL with watched literals solver.
INFO:root:Number of Variables: 50
INFO:root:Number of Clauses: 218
INFO:root:Runtime: 0.0042 seconds
INFO:root:Memory used: 0.0000 KB
INFO:root:Solving data/UUF50.218.1000/uuf50-0730.cnf
INFO:root:Using DPLL with watched literals solver.
INFO:root:Number of Variables: 50
INFO:root:Number of Clauses: 218
INFO:root:Runtime: 0.0029 seconds
INFO:root:Memory used: 0.0000 KB
INFO:root:Solving data/UUF50.218.1000/uuf50-0731.cnf
INFO:root:Using DPLL with watched literals solver.
INFO:root:Number of Variables: 50
INFO:root:Number of Clauses: 218
INFO:root:Runtime: 0.0041 seconds
INFO:root:Memory used: 0.0000 KB
INFO:root:Solving data/UUF50.218.1000/uuf50-0732.cnf
INFO:root:Using DPLL with watched literals solver.
INFO:root:Number of Variables: 50
INFO:root:Number of Clauses: 218
INFO:root:Runtime: 0.0054 seconds
INFO:root:Memory used: 0.0000 KB
INFO:root:Solving data/UUF50.218.1000/uuf50-0733.cnf
INFO:root:Using DPLL with watched literals solver.
INFO:root:Number of Variables: 50
INFO:root:Number of Clauses: 218
INFO:root:Runtime: 0.0035 seconds
INFO:root:Memory used: 0.0000 KB
INFO:root:Solving data/UUF50.218.1000/uuf50-0734.cnf
INFO:root:Using DPLL with watched literals solver.
INFO:root:Number of Variables: 50
INFO:root:Number of Clauses: 218
INFO:root:Runtime: 0.0055 seconds
INFO:root:Memory used: 0.0000 KB
INFO:root:Solving data/UUF50.218.1000/uuf50-0736.cnf
INFO:root:Using DPLL with watched literals solver.
INFO:root:Number of Variables: 50
INFO:root:Number of Clauses: 218
INFO:root:Runtime: 0.0061 seconds
INFO:root:Memory used: 0.0000 KB
INFO:root:Solving data/UUF50.218.1000/uuf50-0735.cnf
INFO:root:Using DPLL with watched literals solver.
INFO:root:Number of Variables: 50
INFO:root:Number of Clauses: 218
INFO:root:Runtime: 0.0032 seconds
INFO:root:Memory used: 0.0000 KB
INFO:root:Solving data/UUF50.218.1000/uuf50-0738.cnf
INFO:root:Using DPLL with watched literals solver.
INFO:root:Number of Variables: 50
INFO:root:Number of Clauses: 218
INFO:root:Runtime: 0.0059 seconds
INFO:root:Memory used: 0.0000 KB
INFO:root:Solving data/UUF50.218.1000/uuf50-0737.cnf
INFO:root:Using DPLL with watched literals solver.
INFO:root:Number of Variables: 50
INFO:root:Number of Clauses: 218
INFO:root:Runtime: 0.0080 seconds
INFO:root:Memory used: 0.0000 KB
INFO:root:Solving data/UUF50.218.1000/uuf50-0739.cnf
INFO:root:Using DPLL with watched literals solver.
INFO:root:Number of Variables: 50
INFO:root:Number of Clauses: 218
INFO:root:Runtime: 0.0079 seconds
INFO:root:Memory used: 0.0000 KB
INFO:root:Solving data/UUF50.218.1000/uuf50-0740.cnf
INFO:root:Using DPLL with watched literals solver.
INFO:root:Number of Variables: 50
INFO:root:Number of Clauses: 218
INFO:root:Runtime: 0.0058 seconds
INFO:root:Memory used: 0.0000 KB
INFO:root:Solving data/UUF50.218.1000/uuf50-074.cnf
INFO:root:Using DPLL with watched literals solver.
INFO:root:Number of Variables: 50
INFO:root:Number of Clauses: 218
INFO:root:Runtime: 0.0036 seconds
INFO:root:Memory used: 0.0000 KB
INFO:root:Solving data/UUF50.218.1000/uuf50-0741.cnf
INFO:root:Using DPLL with watched literals solver.
INFO:root:Number of Variables: 50
INFO:root:Number of Clauses: 218
INFO:root:Runtime: 0.0050 seconds
INFO:root:Memory used: 0.0000 KB
INFO:root:Solving data/UUF50.218.1000/uuf50-0742.cnf
INFO:root:Using DPLL with watched literals solver.
INFO:root:Number of Variables: 50
INFO:root:Number of Clauses: 218
INFO:root:Runtime: 0.0048 seconds
INFO:root:Memory used: 0.0000 KB
INFO:root:Solving data/UUF50.218.1000/uuf50-0743.cnf
INFO:root:Using DPLL with watched literals solver.
INFO:root:Number of Variables: 50
INFO:root:Number of Clauses: 218
INFO:root:Runtime: 0.0031 seconds
INFO:root:Memory used: 0.0000 KB
INFO:root:Solving data/UUF50.218.1000/uuf50-0744.cnf
INFO:root:Using DPLL with watched literals solver.
INFO:root:Number of Variables: 50
INFO:root:Number of Clauses: 218
INFO:root:Runtime: 0.0069 seconds
INFO:root:Memory used: 0.0000 KB
INFO:root:Solving data/UUF50.218.1000/uuf50-0746.cnf
INFO:root:Using DPLL with watched literals solver.
INFO:root:Number of Variables: 50
INFO:root:Number of Clauses: 218
INFO:root:Runtime: 0.0033 seconds
INFO:root:Memory used: 0.0000 KB
INFO:root:Solving data/UUF50.218.1000/uuf50-0745.cnf
INFO:root:Using DPLL with watched literals solver.
INFO:root:Number of Variables: 50
INFO:root:Number of Clauses: 218
INFO:root:Runtime: 0.0032 seconds
INFO:root:Memory used: 0.0000 KB
INFO:root:Solving data/UUF50.218.1000/uuf50-0747.cnf
INFO:root:Using DPLL with watched literals solver.
INFO:root:Number of Variables: 50
INFO:root:Number of Clauses: 218
INFO:root:Runtime: 0.0051 seconds
INFO:root:Memory used: 0.0000 KB
INFO:root:Solving data/UUF50.218.1000/uuf50-0748.cnf
INFO:root:Using DPLL with watched literals solver.
INFO:root:Number of Variables: 50
INFO:root:Number of Clauses: 218
INFO:root:Runtime: 0.0046 seconds
INFO:root:Memory used: 0.0000 KB
INFO:root:Solving data/UUF50.218.1000/uuf50-0749.cnf
INFO:root:Using DPLL with watched literals solver.
INFO:root:Number of Variables: 50
INFO:root:Number of Clauses: 218
INFO:root:Runtime: 0.0047 seconds
INFO:root:Memory used: 0.0000 KB
INFO:root:Solving data/UUF50.218.1000/uuf50-075.cnf
INFO:root:Using DPLL with watched literals solver.
INFO:root:Number of Variables: 50
INFO:root:Number of Clauses: 218
INFO:root:Runtime: 0.0031 seconds
INFO:root:Memory used: 0.0000 KB
INFO:root:Solving data/UUF50.218.1000/uuf50-0750.cnf
INFO:root:Using DPLL with watched literals solver.
INFO:root:Number of Variables: 50
INFO:root:Number of Clauses: 218
INFO:root:Runtime: 0.0029 seconds
INFO:root:Memory used: 0.0000 KB
INFO:root:Solving data/UUF50.218.1000/uuf50-0752.cnf
INFO:root:Using DPLL with watched literals solver.
INFO:root:Number of Variables: 50
INFO:root:Number of Clauses: 218
INFO:root:Runtime: 0.0065 seconds
INFO:root:Memory used: 0.0000 KB
INFO:root:Solving data/UUF50.218.1000/uuf50-0755.cnf
INFO:root:Using DPLL with watched literals solver.
INFO:root:Number of Variables: 50
INFO:root:Number of Clauses: 218
INFO:root:Runtime: 0.0024 seconds
INFO:root:Memory used: 0.0000 KB
INFO:root:Solving data/UUF50.218.1000/uuf50-0751.cnf
INFO:root:Using DPLL with watched literals solver.
INFO:root:Number of Variables: 50
INFO:root:Number of Clauses: 218
INFO:root:Runtime: 0.0039 seconds
INFO:root:Memory used: 0.0000 KB
INFO:root:Solving data/UUF50.218.1000/uuf50-0753.cnf
INFO:root:Using DPLL with watched literals solver.
INFO:root:Number of Variables: 50
INFO:root:Number of Clauses: 218
INFO:root:Runtime: 0.0030 seconds
INFO:root:Memory used: 0.0000 KB
INFO:root:Solving data/UUF50.218.1000/uuf50-0754.cnf
INFO:root:Using DPLL with watched literals solver.
INFO:root:Number of Variables: 50
INFO:root:Number of Clauses: 218
INFO:root:Runtime: 0.0032 seconds
INFO:root:Memory used: 0.0000 KB
INFO:root:Solving data/UUF50.218.1000/uuf50-0756.cnf
INFO:root:Using DPLL with watched literals solver.
INFO:root:Number of Variables: 50
INFO:root:Number of Clauses: 218
INFO:root:Runtime: 0.0044 seconds
INFO:root:Memory used: 0.0000 KB
INFO:root:Solving data/UUF50.218.1000/uuf50-0757.cnf
INFO:root:Using DPLL with watched literals solver.
INFO:root:Number of Variables: 50
INFO:root:Number of Clauses: 218
INFO:root:Runtime: 0.0048 seconds
INFO:root:Memory used: 0.0000 KB
INFO:root:Solving data/UUF50.218.1000/uuf50-0758.cnf
INFO:root:Using DPLL with watched literals solver.
INFO:root:Number of Variables: 50
INFO:root:Number of Clauses: 218
INFO:root:Runtime: 0.0040 seconds
INFO:root:Memory used: 0.0000 KB
INFO:root:Solving data/UUF50.218.1000/uuf50-0759.cnf
INFO:root:Using DPLL with watched literals solver.
INFO:root:Number of Variables: 50
INFO:root:Number of Clauses: 218
INFO:root:Runtime: 0.0052 seconds
INFO:root:Memory used: 0.0000 KB
INFO:root:Solving data/UUF50.218.1000/uuf50-076.cnf
INFO:root:Using DPLL with watched literals solver.
INFO:root:Number of Variables: 50
INFO:root:Number of Clauses: 218
INFO:root:Runtime: 0.0040 seconds
INFO:root:Memory used: 0.0000 KB
INFO:root:Solving data/UUF50.218.1000/uuf50-0760.cnf
INFO:root:Using DPLL with watched literals solver.
INFO:root:Number of Variables: 50
INFO:root:Number of Clauses: 218
INFO:root:Runtime: 0.0032 seconds
INFO:root:Memory used: 0.0000 KB
INFO:root:Solving data/UUF50.218.1000/uuf50-0761.cnf
INFO:root:Using DPLL with watched literals solver.
INFO:root:Number of Variables: 50
INFO:root:Number of Clauses: 218
INFO:root:Runtime: 0.0048 seconds
INFO:root:Memory used: 0.0000 KB
INFO:root:Solving data/UUF50.218.1000/uuf50-0762.cnf
INFO:root:Using DPLL with watched literals solver.
INFO:root:Number of Variables: 50
INFO:root:Number of Clauses: 218
INFO:root:Runtime: 0.0033 seconds
INFO:root:Memory used: 0.0000 KB
INFO:root:Solving data/UUF50.218.1000/uuf50-0763.cnf
INFO:root:Using DPLL with watched literals solver.
INFO:root:Number of Variables: 50
INFO:root:Number of Clauses: 218
INFO:root:Runtime: 0.0033 seconds
INFO:root:Memory used: 0.0000 KB
INFO:root:Solving data/UUF50.218.1000/uuf50-0764.cnf
INFO:root:Using DPLL with watched literals solver.
INFO:root:Number of Variables: 50
INFO:root:Number of Clauses: 218
INFO:root:Runtime: 0.0055 seconds
INFO:root:Memory used: 0.0000 KB
INFO:root:Solving data/UUF50.218.1000/uuf50-0765.cnf
INFO:root:Using DPLL with watched literals solver.
INFO:root:Number of Variables: 50
INFO:root:Number of Clauses: 218
INFO:root:Runtime: 0.0031 seconds
INFO:root:Memory used: 0.0000 KB
INFO:root:Solving data/UUF50.218.1000/uuf50-0766.cnf
INFO:root:Using DPLL with watched literals solver.
INFO:root:Number of Variables: 50
INFO:root:Number of Clauses: 218
INFO:root:Runtime: 0.0055 seconds
INFO:root:Memory used: 0.0000 KB
INFO:root:Solving data/UUF50.218.1000/uuf50-0767.cnf
INFO:root:Using DPLL with watched literals solver.
INFO:root:Number of Variables: 50
INFO:root:Number of Clauses: 218
INFO:root:Runtime: 0.0086 seconds
INFO:root:Memory used: 0.0000 KB
INFO:root:Solving data/UUF50.218.1000/uuf50-0768.cnf
INFO:root:Using DPLL with watched literals solver.
INFO:root:Number of Variables: 50
INFO:root:Number of Clauses: 218
INFO:root:Runtime: 0.0050 seconds
INFO:root:Memory used: 0.0000 KB
INFO:root:Solving data/UUF50.218.1000/uuf50-077.cnf
INFO:root:Using DPLL with watched literals solver.
INFO:root:Number of Variables: 50
INFO:root:Number of Clauses: 218
INFO:root:Runtime: 0.0040 seconds
INFO:root:Memory used: 0.0000 KB
INFO:root:Solving data/UUF50.218.1000/uuf50-0769.cnf
INFO:root:Using DPLL with watched literals solver.
INFO:root:Number of Variables: 50
INFO:root:Number of Clauses: 218
INFO:root:Runtime: 0.0051 seconds
INFO:root:Memory used: 0.0000 KB
INFO:root:Solving data/UUF50.218.1000/uuf50-0770.cnf
INFO:root:Using DPLL with watched literals solver.
INFO:root:Number of Variables: 50
INFO:root:Number of Clauses: 218
INFO:root:Runtime: 0.0030 seconds
INFO:root:Memory used: 0.0000 KB
INFO:root:Solving data/UUF50.218.1000/uuf50-0772.cnf
INFO:root:Using DPLL with watched literals solver.
INFO:root:Number of Variables: 50
INFO:root:Number of Clauses: 218
INFO:root:Runtime: 0.0085 seconds
INFO:root:Memory used: 0.0000 KB
INFO:root:Solving data/UUF50.218.1000/uuf50-0771.cnf
INFO:root:Using DPLL with watched literals solver.
INFO:root:Number of Variables: 50
INFO:root:Number of Clauses: 218
INFO:root:Runtime: 0.0046 seconds
INFO:root:Memory used: 0.0000 KB
INFO:root:Solving data/UUF50.218.1000/uuf50-0773.cnf
INFO:root:Using DPLL with watched literals solver.
INFO:root:Number of Variables: 50
INFO:root:Number of Clauses: 218
INFO:root:Runtime: 0.0028 seconds
INFO:root:Memory used: 0.0000 KB
INFO:root:Solving data/UUF50.218.1000/uuf50-0775.cnf
INFO:root:Using DPLL with watched literals solver.
INFO:root:Number of Variables: 50
INFO:root:Number of Clauses: 218
INFO:root:Runtime: 0.0038 seconds
INFO:root:Memory used: 0.0000 KB
INFO:root:Solving data/UUF50.218.1000/uuf50-0774.cnf
INFO:root:Using DPLL with watched literals solver.
INFO:root:Number of Variables: 50
INFO:root:Number of Clauses: 218
INFO:root:Runtime: 0.0057 seconds
INFO:root:Memory used: 0.0000 KB
INFO:root:Solving data/UUF50.218.1000/uuf50-0776.cnf
INFO:root:Using DPLL with watched literals solver.
INFO:root:Number of Variables: 50
INFO:root:Number of Clauses: 218
INFO:root:Runtime: 0.0025 seconds
INFO:root:Memory used: 0.0000 KB
INFO:root:Solving data/UUF50.218.1000/uuf50-0777.cnf
INFO:root:Using DPLL with watched literals solver.
INFO:root:Number of Variables: 50
INFO:root:Number of Clauses: 218
INFO:root:Runtime: 0.0035 seconds
INFO:root:Memory used: 0.0000 KB
INFO:root:Solving data/UUF50.218.1000/uuf50-0778.cnf
INFO:root:Using DPLL with watched literals solver.
INFO:root:Number of Variables: 50
INFO:root:Number of Clauses: 218
INFO:root:Runtime: 0.0049 seconds
INFO:root:Memory used: 0.0000 KB
INFO:root:Solving data/UUF50.218.1000/uuf50-0779.cnf
INFO:root:Using DPLL with watched literals solver.
INFO:root:Number of Variables: 50
INFO:root:Number of Clauses: 218
INFO:root:Runtime: 0.0030 seconds
INFO:root:Memory used: 0.0000 KB
INFO:root:Solving data/UUF50.218.1000/uuf50-078.cnf
INFO:root:Using DPLL with watched literals solver.
INFO:root:Number of Variables: 50
INFO:root:Number of Clauses: 218
INFO:root:Runtime: 0.0037 seconds
INFO:root:Memory used: 0.0000 KB
INFO:root:Solving data/UUF50.218.1000/uuf50-0780.cnf
INFO:root:Using DPLL with watched literals solver.
INFO:root:Number of Variables: 50
INFO:root:Number of Clauses: 218
INFO:root:Runtime: 0.0034 seconds
INFO:root:Memory used: 0.0000 KB
INFO:root:Solving data/UUF50.218.1000/uuf50-0781.cnf
INFO:root:Using DPLL with watched literals solver.
INFO:root:Number of Variables: 50
INFO:root:Number of Clauses: 218
INFO:root:Runtime: 0.0038 seconds
INFO:root:Memory used: 0.0000 KB
INFO:root:Solving data/UUF50.218.1000/uuf50-0782.cnf
INFO:root:Using DPLL with watched literals solver.
INFO:root:Number of Variables: 50
INFO:root:Number of Clauses: 218
INFO:root:Runtime: 0.0032 seconds
INFO:root:Memory used: 0.0000 KB
INFO:root:Solving data/UUF50.218.1000/uuf50-0783.cnf
INFO:root:Using DPLL with watched literals solver.
INFO:root:Number of Variables: 50
INFO:root:Number of Clauses: 218
INFO:root:Runtime: 0.0054 seconds
INFO:root:Memory used: 0.0000 KB
INFO:root:Solving data/UUF50.218.1000/uuf50-0786.cnf
INFO:root:Using DPLL with watched literals solver.
INFO:root:Number of Variables: 50
INFO:root:Number of Clauses: 218
INFO:root:Runtime: 0.0056 seconds
INFO:root:Memory used: 0.0000 KB
INFO:root:Solving data/UUF50.218.1000/uuf50-0785.cnf
INFO:root:Using DPLL with watched literals solver.
INFO:root:Number of Variables: 50
INFO:root:Number of Clauses: 218
INFO:root:Runtime: 0.0037 seconds
INFO:root:Memory used: 0.0000 KB
INFO:root:Solving data/UUF50.218.1000/uuf50-0784.cnf
INFO:root:Using DPLL with watched literals solver.
INFO:root:Number of Variables: 50
INFO:root:Number of Clauses: 218
INFO:root:Runtime: 0.0040 seconds
INFO:root:Memory used: 0.0000 KB
INFO:root:Solving data/UUF50.218.1000/uuf50-0788.cnf
INFO:root:Using DPLL with watched literals solver.
INFO:root:Number of Variables: 50
INFO:root:Number of Clauses: 218
INFO:root:Runtime: 0.0035 seconds
INFO:root:Memory used: 0.0000 KB
INFO:root:Solving data/UUF50.218.1000/uuf50-0789.cnf
INFO:root:Using DPLL with watched literals solver.
INFO:root:Number of Variables: 50
INFO:root:Number of Clauses: 218
INFO:root:Runtime: 0.0048 seconds
INFO:root:Memory used: 0.0000 KB
INFO:root:Solving data/UUF50.218.1000/uuf50-0787.cnf
INFO:root:Using DPLL with watched literals solver.
INFO:root:Number of Variables: 50
INFO:root:Number of Clauses: 218
INFO:root:Runtime: 0.0048 seconds
INFO:root:Memory used: 0.0000 KB
INFO:root:Solving data/UUF50.218.1000/uuf50-079.cnf
INFO:root:Using DPLL with watched literals solver.
INFO:root:Number of Variables: 50
INFO:root:Number of Clauses: 218
INFO:root:Runtime: 0.0043 seconds
INFO:root:Memory used: 0.0000 KB
INFO:root:Solving data/UUF50.218.1000/uuf50-0791.cnf
INFO:root:Using DPLL with watched literals solver.
INFO:root:Number of Variables: 50
INFO:root:Number of Clauses: 218
INFO:root:Runtime: 0.0048 seconds
INFO:root:Memory used: 0.0000 KB
INFO:root:Solving data/UUF50.218.1000/uuf50-0792.cnf
INFO:root:Using DPLL with watched literals solver.
INFO:root:Number of Variables: 50
INFO:root:Number of Clauses: 218
INFO:root:Runtime: 0.0031 seconds
INFO:root:Memory used: 0.0000 KB
INFO:root:Solving data/UUF50.218.1000/uuf50-0790.cnf
INFO:root:Using DPLL with watched literals solver.
INFO:root:Number of Variables: 50
INFO:root:Number of Clauses: 218
INFO:root:Runtime: 0.0030 seconds
INFO:root:Memory used: 0.0000 KB
INFO:root:Solving data/UUF50.218.1000/uuf50-0793.cnf
INFO:root:Using DPLL with watched literals solver.
INFO:root:Number of Variables: 50
INFO:root:Number of Clauses: 218
INFO:root:Runtime: 0.0022 seconds
INFO:root:Memory used: 0.0000 KB
INFO:root:Solving data/UUF50.218.1000/uuf50-0794.cnf
INFO:root:Using DPLL with watched literals solver.
INFO:root:Number of Variables: 50
INFO:root:Number of Clauses: 218
INFO:root:Runtime: 0.0039 seconds
INFO:root:Memory used: 0.0000 KB
INFO:root:Solving data/UUF50.218.1000/uuf50-0796.cnf
INFO:root:Using DPLL with watched literals solver.
INFO:root:Number of Variables: 50
INFO:root:Number of Clauses: 218
INFO:root:Runtime: 0.0089 seconds
INFO:root:Memory used: 0.0000 KB
INFO:root:Solving data/UUF50.218.1000/uuf50-0795.cnf
INFO:root:Using DPLL with watched literals solver.
INFO:root:Number of Variables: 50
INFO:root:Number of Clauses: 218
INFO:root:Runtime: 0.0028 seconds
INFO:root:Memory used: 0.0000 KB
INFO:root:Solving data/UUF50.218.1000/uuf50-0798.cnf
INFO:root:Using DPLL with watched literals solver.
INFO:root:Number of Variables: 50
INFO:root:Number of Clauses: 218
INFO:root:Runtime: 0.0043 seconds
INFO:root:Memory used: 0.0000 KB
INFO:root:Solving data/UUF50.218.1000/uuf50-0797.cnf
INFO:root:Using DPLL with watched literals solver.
INFO:root:Number of Variables: 50
INFO:root:Number of Clauses: 218
INFO:root:Runtime: 0.0034 seconds
INFO:root:Memory used: 0.0000 KB
INFO:root:Solving data/UUF50.218.1000/uuf50-0799.cnf
INFO:root:Using DPLL with watched literals solver.
INFO:root:Number of Variables: 50
INFO:root:Number of Clauses: 218
INFO:root:Runtime: 0.0046 seconds
INFO:root:Memory used: 0.0000 KB
INFO:root:Solving data/UUF50.218.1000/uuf50-080.cnf
INFO:root:Using DPLL with watched literals solver.
INFO:root:Number of Variables: 50
INFO:root:Number of Clauses: 218
INFO:root:Runtime: 0.0029 seconds
INFO:root:Memory used: 0.0000 KB
INFO:root:Solving data/UUF50.218.1000/uuf50-08.cnf
INFO:root:Using DPLL with watched literals solver.
INFO:root:Number of Variables: 50
INFO:root:Number of Clauses: 218
INFO:root:Runtime: 0.0034 seconds
INFO:root:Memory used: 0.0000 KB
INFO:root:Solving data/UUF50.218.1000/uuf50-0800.cnf
INFO:root:Using DPLL with watched literals solver.
INFO:root:Number of Variables: 50
INFO:root:Number of Clauses: 218
INFO:root:Runtime: 0.0050 seconds
INFO:root:Memory used: 0.0000 KB
INFO:root:Solving data/UUF50.218.1000/uuf50-0801.cnf
INFO:root:Using DPLL with watched literals solver.
INFO:root:Number of Variables: 50
INFO:root:Number of Clauses: 218
INFO:root:Runtime: 0.0036 seconds
INFO:root:Memory used: 0.0000 KB
INFO:root:Solving data/UUF50.218.1000/uuf50-0802.cnf
INFO:root:Using DPLL with watched literals solver.
INFO:root:Number of Variables: 50
INFO:root:Number of Clauses: 218
INFO:root:Runtime: 0.0042 seconds
INFO:root:Memory used: 0.0000 KB
INFO:root:Solving data/UUF50.218.1000/uuf50-0804.cnf
INFO:root:Using DPLL with watched literals solver.
INFO:root:Number of Variables: 50
INFO:root:Number of Clauses: 218
INFO:root:Runtime: 0.0026 seconds
INFO:root:Memory used: 0.0000 KB
INFO:root:Solving data/UUF50.218.1000/uuf50-0803.cnf
INFO:root:Using DPLL with watched literals solver.
INFO:root:Number of Variables: 50
INFO:root:Number of Clauses: 218
INFO:root:Runtime: 0.0035 seconds
INFO:root:Memory used: 0.0000 KB
INFO:root:Solving data/UUF50.218.1000/uuf50-0805.cnf
INFO:root:Using DPLL with watched literals solver.
INFO:root:Number of Variables: 50
INFO:root:Number of Clauses: 218
INFO:root:Runtime: 0.0030 seconds
INFO:root:Memory used: 0.0000 KB
INFO:root:Solving data/UUF50.218.1000/uuf50-0806.cnf
INFO:root:Using DPLL with watched literals solver.
INFO:root:Number of Variables: 50
INFO:root:Number of Clauses: 218
INFO:root:Runtime: 0.0038 seconds
INFO:root:Memory used: 0.0000 KB
INFO:root:Solving data/UUF50.218.1000/uuf50-0807.cnf
INFO:root:Using DPLL with watched literals solver.
INFO:root:Number of Variables: 50
INFO:root:Number of Clauses: 218
INFO:root:Runtime: 0.0036 seconds
INFO:root:Memory used: 0.0000 KB
INFO:root:Solving data/UUF50.218.1000/uuf50-0808.cnf
INFO:root:Using DPLL with watched literals solver.
INFO:root:Number of Variables: 50
INFO:root:Number of Clauses: 218
INFO:root:Runtime: 0.0055 seconds
INFO:root:Memory used: 0.0000 KB
INFO:root:Solving data/UUF50.218.1000/uuf50-0809.cnf
INFO:root:Using DPLL with watched literals solver.
INFO:root:Number of Variables: 50
INFO:root:Number of Clauses: 218
INFO:root:Runtime: 0.0036 seconds
INFO:root:Memory used: 0.0000 KB
INFO:root:Solving data/UUF50.218.1000/uuf50-081.cnf
INFO:root:Using DPLL with watched literals solver.
INFO:root:Number of Variables: 50
INFO:root:Number of Clauses: 218
INFO:root:Runtime: 0.0023 seconds
INFO:root:Memory used: 0.0000 KB
INFO:root:Solving data/UUF50.218.1000/uuf50-0810.cnf
INFO:root:Using DPLL with watched literals solver.
INFO:root:Number of Variables: 50
INFO:root:Number of Clauses: 218
INFO:root:Runtime: 0.0052 seconds
INFO:root:Memory used: 0.0000 KB
INFO:root:Solving data/UUF50.218.1000/uuf50-0811.cnf
INFO:root:Using DPLL with watched literals solver.
INFO:root:Number of Variables: 50
INFO:root:Number of Clauses: 218
INFO:root:Runtime: 0.0027 seconds
INFO:root:Memory used: 0.0000 KB
INFO:root:Solving data/UUF50.218.1000/uuf50-0812.cnf
INFO:root:Using DPLL with watched literals solver.
INFO:root:Number of Variables: 50
INFO:root:Number of Clauses: 218
INFO:root:Runtime: 0.0035 seconds
INFO:root:Memory used: 0.0000 KB
INFO:root:Solving data/UUF50.218.1000/uuf50-0813.cnf
INFO:root:Using DPLL with watched literals solver.
INFO:root:Number of Variables: 50
INFO:root:Number of Clauses: 218
INFO:root:Runtime: 0.0046 seconds
INFO:root:Memory used: 0.0000 KB
INFO:root:Solving data/UUF50.218.1000/uuf50-0814.cnf
INFO:root:Using DPLL with watched literals solver.
INFO:root:Number of Variables: 50
INFO:root:Number of Clauses: 218
INFO:root:Runtime: 0.0039 seconds
INFO:root:Memory used: 0.0000 KB
INFO:root:Solving data/UUF50.218.1000/uuf50-0815.cnf
INFO:root:Using DPLL with watched literals solver.
INFO:root:Number of Variables: 50
INFO:root:Number of Clauses: 218
INFO:root:Runtime: 0.0028 seconds
INFO:root:Memory used: 0.0000 KB
INFO:root:Solving data/UUF50.218.1000/uuf50-0816.cnf
INFO:root:Using DPLL with watched literals solver.
INFO:root:Number of Variables: 50
INFO:root:Number of Clauses: 218
INFO:root:Runtime: 0.0045 seconds
INFO:root:Memory used: 0.0000 KB
INFO:root:Solving data/UUF50.218.1000/uuf50-0817.cnf
INFO:root:Using DPLL with watched literals solver.
INFO:root:Number of Variables: 50
INFO:root:Number of Clauses: 218
INFO:root:Runtime: 0.0046 seconds
INFO:root:Memory used: 0.0000 KB
INFO:root:Solving data/UUF50.218.1000/uuf50-0818.cnf
INFO:root:Using DPLL with watched literals solver.
INFO:root:Number of Variables: 50
INFO:root:Number of Clauses: 218
INFO:root:Runtime: 0.0027 seconds
INFO:root:Memory used: 0.0000 KB
INFO:root:Solving data/UUF50.218.1000/uuf50-082.cnf
INFO:root:Using DPLL with watched literals solver.
INFO:root:Number of Variables: 50
INFO:root:Number of Clauses: 218
INFO:root:Runtime: 0.0037 seconds
INFO:root:Memory used: 0.0000 KB
INFO:root:Solving data/UUF50.218.1000/uuf50-0819.cnf
INFO:root:Using DPLL with watched literals solver.
INFO:root:Number of Variables: 50
INFO:root:Number of Clauses: 218
INFO:root:Runtime: 0.0025 seconds
INFO:root:Memory used: 0.0000 KB
INFO:root:Solving data/UUF50.218.1000/uuf50-0820.cnf
INFO:root:Using DPLL with watched literals solver.
INFO:root:Number of Variables: 50
INFO:root:Number of Clauses: 218
INFO:root:Runtime: 0.0041 seconds
INFO:root:Memory used: 0.0000 KB
INFO:root:Solving data/UUF50.218.1000/uuf50-0821.cnf
INFO:root:Using DPLL with watched literals solver.
INFO:root:Number of Variables: 50
INFO:root:Number of Clauses: 218
INFO:root:Runtime: 0.0041 seconds
INFO:root:Memory used: 0.0000 KB
INFO:root:Solving data/UUF50.218.1000/uuf50-0822.cnf
INFO:root:Using DPLL with watched literals solver.
INFO:root:Number of Variables: 50
INFO:root:Number of Clauses: 218
INFO:root:Runtime: 0.0050 seconds
INFO:root:Memory used: 0.0000 KB
INFO:root:Solving data/UUF50.218.1000/uuf50-0823.cnf
INFO:root:Using DPLL with watched literals solver.
INFO:root:Number of Variables: 50
INFO:root:Number of Clauses: 218
INFO:root:Runtime: 0.0035 seconds
INFO:root:Memory used: 0.0000 KB
INFO:root:Solving data/UUF50.218.1000/uuf50-0824.cnf
INFO:root:Using DPLL with watched literals solver.
INFO:root:Number of Variables: 50
INFO:root:Number of Clauses: 218
INFO:root:Runtime: 0.0037 seconds
INFO:root:Memory used: 0.0000 KB
INFO:root:Solving data/UUF50.218.1000/uuf50-0825.cnf
INFO:root:Using DPLL with watched literals solver.
INFO:root:Number of Variables: 50
INFO:root:Number of Clauses: 218
INFO:root:Runtime: 0.0045 seconds
INFO:root:Memory used: 0.0000 KB
INFO:root:Solving data/UUF50.218.1000/uuf50-0826.cnf
INFO:root:Using DPLL with watched literals solver.
INFO:root:Number of Variables: 50
INFO:root:Number of Clauses: 218
INFO:root:Runtime: 0.0024 seconds
INFO:root:Memory used: 0.0000 KB
INFO:root:Solving data/UUF50.218.1000/uuf50-0827.cnf
INFO:root:Using DPLL with watched literals solver.
INFO:root:Number of Variables: 50
INFO:root:Number of Clauses: 218
INFO:root:Runtime: 0.0056 seconds
INFO:root:Memory used: 0.0000 KB
INFO:root:Solving data/UUF50.218.1000/uuf50-0828.cnf
INFO:root:Using DPLL with watched literals solver.
INFO:root:Number of Variables: 50
INFO:root:Number of Clauses: 218
INFO:root:Runtime: 0.0080 seconds
INFO:root:Memory used: 0.0000 KB
INFO:root:Solving data/UUF50.218.1000/uuf50-0829.cnf
INFO:root:Using DPLL with watched literals solver.
INFO:root:Number of Variables: 50
INFO:root:Number of Clauses: 218
INFO:root:Runtime: 0.0039 seconds
INFO:root:Memory used: 0.0000 KB
INFO:root:Solving data/UUF50.218.1000/uuf50-083.cnf
INFO:root:Using DPLL with watched literals solver.
INFO:root:Number of Variables: 50
INFO:root:Number of Clauses: 218
INFO:root:Runtime: 0.0038 seconds
INFO:root:Memory used: 0.0000 KB
INFO:root:Solving data/UUF50.218.1000/uuf50-0830.cnf
INFO:root:Using DPLL with watched literals solver.
INFO:root:Number of Variables: 50
INFO:root:Number of Clauses: 218
INFO:root:Runtime: 0.0044 seconds
INFO:root:Memory used: 0.0000 KB
INFO:root:Solving data/UUF50.218.1000/uuf50-0832.cnf
INFO:root:Using DPLL with watched literals solver.
INFO:root:Number of Variables: 50
INFO:root:Number of Clauses: 218
INFO:root:Runtime: 0.0054 seconds
INFO:root:Memory used: 0.0000 KB
INFO:root:Solving data/UUF50.218.1000/uuf50-0831.cnf
INFO:root:Using DPLL with watched literals solver.
INFO:root:Number of Variables: 50
INFO:root:Number of Clauses: 218
INFO:root:Runtime: 0.0030 seconds
INFO:root:Memory used: 0.0000 KB
INFO:root:Solving data/UUF50.218.1000/uuf50-0833.cnf
INFO:root:Using DPLL with watched literals solver.
INFO:root:Number of Variables: 50
INFO:root:Number of Clauses: 218
INFO:root:Runtime: 0.0056 seconds
INFO:root:Memory used: 0.0000 KB
INFO:root:Solving data/UUF50.218.1000/uuf50-0834.cnf
INFO:root:Using DPLL with watched literals solver.
INFO:root:Number of Variables: 50
INFO:root:Number of Clauses: 218
INFO:root:Runtime: 0.0043 seconds
INFO:root:Memory used: 0.0000 KB
INFO:root:Solving data/UUF50.218.1000/uuf50-0836.cnf
INFO:root:Using DPLL with watched literals solver.
INFO:root:Number of Variables: 50
INFO:root:Number of Clauses: 218
INFO:root:Runtime: 0.0032 seconds
INFO:root:Memory used: 0.0000 KB
INFO:root:Solving data/UUF50.218.1000/uuf50-0835.cnf
INFO:root:Using DPLL with watched literals solver.
INFO:root:Number of Variables: 50
INFO:root:Number of Clauses: 218
INFO:root:Runtime: 0.0032 seconds
INFO:root:Memory used: 0.0000 KB
INFO:root:Solving data/UUF50.218.1000/uuf50-0837.cnf
INFO:root:Using DPLL with watched literals solver.
INFO:root:Number of Variables: 50
INFO:root:Number of Clauses: 218
INFO:root:Runtime: 0.0057 seconds
INFO:root:Memory used: 0.0000 KB
INFO:root:Solving data/UUF50.218.1000/uuf50-0839.cnf
INFO:root:Using DPLL with watched literals solver.
INFO:root:Number of Variables: 50
INFO:root:Number of Clauses: 218
INFO:root:Runtime: 0.0042 seconds
INFO:root:Memory used: 0.0000 KB
INFO:root:Solving data/UUF50.218.1000/uuf50-0838.cnf
INFO:root:Using DPLL with watched literals solver.
INFO:root:Number of Variables: 50
INFO:root:Number of Clauses: 218
INFO:root:Runtime: 0.0051 seconds
INFO:root:Memory used: 0.0000 KB
INFO:root:Solving data/UUF50.218.1000/uuf50-084.cnf
INFO:root:Using DPLL with watched literals solver.
INFO:root:Number of Variables: 50
INFO:root:Number of Clauses: 218
INFO:root:Runtime: 0.0045 seconds
INFO:root:Memory used: 0.0000 KB
INFO:root:Solving data/UUF50.218.1000/uuf50-0840.cnf
INFO:root:Using DPLL with watched literals solver.
INFO:root:Number of Variables: 50
INFO:root:Number of Clauses: 218
INFO:root:Runtime: 0.0044 seconds
INFO:root:Memory used: 0.0000 KB
INFO:root:Solving data/UUF50.218.1000/uuf50-0842.cnf
INFO:root:Using DPLL with watched literals solver.
INFO:root:Number of Variables: 50
INFO:root:Number of Clauses: 218
INFO:root:Runtime: 0.0036 seconds
INFO:root:Memory used: 0.0000 KB
INFO:root:Solving data/UUF50.218.1000/uuf50-0841.cnf
INFO:root:Using DPLL with watched literals solver.
INFO:root:Number of Variables: 50
INFO:root:Number of Clauses: 218
INFO:root:Runtime: 0.0033 seconds
INFO:root:Memory used: 0.0000 KB
INFO:root:Solving data/UUF50.218.1000/uuf50-0843.cnf
INFO:root:Using DPLL with watched literals solver.
INFO:root:Number of Variables: 50
INFO:root:Number of Clauses: 218
INFO:root:Runtime: 0.0021 seconds
INFO:root:Memory used: 0.0000 KB
INFO:root:Solving data/UUF50.218.1000/uuf50-0844.cnf
INFO:root:Using DPLL with watched literals solver.
INFO:root:Number of Variables: 50
INFO:root:Number of Clauses: 218
INFO:root:Runtime: 0.0045 seconds
INFO:root:Memory used: 0.0000 KB
INFO:root:Solving data/UUF50.218.1000/uuf50-0845.cnf
INFO:root:Using DPLL with watched literals solver.
INFO:root:Number of Variables: 50
INFO:root:Number of Clauses: 218
INFO:root:Runtime: 0.0047 seconds
INFO:root:Memory used: 0.0000 KB
INFO:root:Solving data/UUF50.218.1000/uuf50-0846.cnf
INFO:root:Using DPLL with watched literals solver.
INFO:root:Number of Variables: 50
INFO:root:Number of Clauses: 218
INFO:root:Runtime: 0.0056 seconds
INFO:root:Memory used: 0.0000 KB
INFO:root:Solving data/UUF50.218.1000/uuf50-0847.cnf
INFO:root:Using DPLL with watched literals solver.
INFO:root:Number of Variables: 50
INFO:root:Number of Clauses: 218
INFO:root:Runtime: 0.0037 seconds
INFO:root:Memory used: 0.0000 KB
INFO:root:Solving data/UUF50.218.1000/uuf50-0848.cnf
INFO:root:Using DPLL with watched literals solver.
INFO:root:Number of Variables: 50
INFO:root:Number of Clauses: 218
INFO:root:Runtime: 0.0051 seconds
INFO:root:Memory used: 0.0000 KB
INFO:root:Solving data/UUF50.218.1000/uuf50-0849.cnf
INFO:root:Using DPLL with watched literals solver.
INFO:root:Number of Variables: 50
INFO:root:Number of Clauses: 218
INFO:root:Runtime: 0.0041 seconds
INFO:root:Memory used: 0.0000 KB
INFO:root:Solving data/UUF50.218.1000/uuf50-085.cnf
INFO:root:Using DPLL with watched literals solver.
INFO:root:Number of Variables: 50
INFO:root:Number of Clauses: 218
INFO:root:Runtime: 0.0037 seconds
INFO:root:Memory used: 0.0000 KB
INFO:root:Solving data/UUF50.218.1000/uuf50-0850.cnf
INFO:root:Using DPLL with watched literals solver.
INFO:root:Number of Variables: 50
INFO:root:Number of Clauses: 218
INFO:root:Runtime: 0.0048 seconds
INFO:root:Memory used: 0.0000 KB
INFO:root:Solving data/UUF50.218.1000/uuf50-0851.cnf
INFO:root:Using DPLL with watched literals solver.
INFO:root:Number of Variables: 50
INFO:root:Number of Clauses: 218
INFO:root:Runtime: 0.0036 seconds
INFO:root:Memory used: 0.0000 KB
INFO:root:Solving data/UUF50.218.1000/uuf50-0852.cnf
INFO:root:Using DPLL with watched literals solver.
INFO:root:Number of Variables: 50
INFO:root:Number of Clauses: 218
INFO:root:Runtime: 0.0038 seconds
INFO:root:Memory used: 0.0000 KB
INFO:root:Solving data/UUF50.218.1000/uuf50-0853.cnf
INFO:root:Using DPLL with watched literals solver.
INFO:root:Number of Variables: 50
INFO:root:Number of Clauses: 218
INFO:root:Runtime: 0.0054 seconds
INFO:root:Memory used: 0.0000 KB
INFO:root:Solving data/UUF50.218.1000/uuf50-0854.cnf
INFO:root:Using DPLL with watched literals solver.
INFO:root:Number of Variables: 50
INFO:root:Number of Clauses: 218
INFO:root:Runtime: 0.0021 seconds
INFO:root:Memory used: 0.0000 KB
INFO:root:Solving data/UUF50.218.1000/uuf50-0855.cnf
INFO:root:Using DPLL with watched literals solver.
INFO:root:Number of Variables: 50
INFO:root:Number of Clauses: 218
INFO:root:Runtime: 0.0028 seconds
INFO:root:Memory used: 0.0000 KB
INFO:root:Solving data/UUF50.218.1000/uuf50-0856.cnf
INFO:root:Using DPLL with watched literals solver.
INFO:root:Number of Variables: 50
INFO:root:Number of Clauses: 218
INFO:root:Runtime: 0.0048 seconds
INFO:root:Memory used: 0.0000 KB
INFO:root:Solving data/UUF50.218.1000/uuf50-0857.cnf
INFO:root:Using DPLL with watched literals solver.
INFO:root:Number of Variables: 50
INFO:root:Number of Clauses: 218
INFO:root:Runtime: 0.0028 seconds
INFO:root:Memory used: 0.0000 KB
INFO:root:Solving data/UUF50.218.1000/uuf50-0858.cnf
INFO:root:Using DPLL with watched literals solver.
INFO:root:Number of Variables: 50
INFO:root:Number of Clauses: 218
INFO:root:Runtime: 0.0019 seconds
INFO:root:Memory used: 0.0000 KB
INFO:root:Solving data/UUF50.218.1000/uuf50-0859.cnf
INFO:root:Using DPLL with watched literals solver.
INFO:root:Number of Variables: 50
INFO:root:Number of Clauses: 218
INFO:root:Runtime: 0.0034 seconds
INFO:root:Memory used: 0.0000 KB
INFO:root:Solving data/UUF50.218.1000/uuf50-086.cnf
INFO:root:Using DPLL with watched literals solver.
INFO:root:Number of Variables: 50
INFO:root:Number of Clauses: 218
INFO:root:Runtime: 0.0050 seconds
INFO:root:Memory used: 0.0000 KB
INFO:root:Solving data/UUF50.218.1000/uuf50-0860.cnf
INFO:root:Using DPLL with watched literals solver.
INFO:root:Number of Variables: 50
INFO:root:Number of Clauses: 218
INFO:root:Runtime: 0.0036 seconds
INFO:root:Memory used: 0.0000 KB
INFO:root:Solving data/UUF50.218.1000/uuf50-0861.cnf
INFO:root:Using DPLL with watched literals solver.
INFO:root:Number of Variables: 50
INFO:root:Number of Clauses: 218
INFO:root:Runtime: 0.0039 seconds
INFO:root:Memory used: 0.0000 KB
INFO:root:Solving data/UUF50.218.1000/uuf50-0863.cnf
INFO:root:Using DPLL with watched literals solver.
INFO:root:Number of Variables: 50
INFO:root:Number of Clauses: 218
INFO:root:Runtime: 0.0023 seconds
INFO:root:Memory used: 0.0000 KB
INFO:root:Solving data/UUF50.218.1000/uuf50-0862.cnf
INFO:root:Using DPLL with watched literals solver.
INFO:root:Number of Variables: 50
INFO:root:Number of Clauses: 218
INFO:root:Runtime: 0.0049 seconds
INFO:root:Memory used: 0.0000 KB
INFO:root:Solving data/UUF50.218.1000/uuf50-0864.cnf
INFO:root:Using DPLL with watched literals solver.
INFO:root:Number of Variables: 50
INFO:root:Number of Clauses: 218
INFO:root:Runtime: 0.0053 seconds
INFO:root:Memory used: 0.0000 KB
INFO:root:Solving data/UUF50.218.1000/uuf50-0866.cnf
INFO:root:Using DPLL with watched literals solver.
INFO:root:Number of Variables: 50
INFO:root:Number of Clauses: 218
INFO:root:Runtime: 0.0038 seconds
INFO:root:Memory used: 0.0000 KB
INFO:root:Solving data/UUF50.218.1000/uuf50-0865.cnf
INFO:root:Using DPLL with watched literals solver.
INFO:root:Number of Variables: 50
INFO:root:Number of Clauses: 218
INFO:root:Runtime: 0.0054 seconds
INFO:root:Memory used: 0.0000 KB
INFO:root:Solving data/UUF50.218.1000/uuf50-0868.cnf
INFO:root:Using DPLL with watched literals solver.
INFO:root:Number of Variables: 50
INFO:root:Number of Clauses: 218
INFO:root:Runtime: 0.0033 seconds
INFO:root:Memory used: 0.0000 KB
INFO:root:Solving data/UUF50.218.1000/uuf50-0867.cnf
INFO:root:Using DPLL with watched literals solver.
INFO:root:Number of Variables: 50
INFO:root:Number of Clauses: 218
INFO:root:Runtime: 0.0037 seconds
INFO:root:Memory used: 0.0000 KB
INFO:root:Solving data/UUF50.218.1000/uuf50-087.cnf
INFO:root:Using DPLL with watched literals solver.
INFO:root:Number of Variables: 50
INFO:root:Number of Clauses: 218
INFO:root:Runtime: 0.0046 seconds
INFO:root:Memory used: 0.0000 KB
INFO:root:Solving data/UUF50.218.1000/uuf50-0869.cnf
INFO:root:Using DPLL with watched literals solver.
INFO:root:Number of Variables: 50
INFO:root:Number of Clauses: 218
INFO:root:Runtime: 0.0036 seconds
INFO:root:Memory used: 0.0000 KB
INFO:root:Solving data/UUF50.218.1000/uuf50-0870.cnf
INFO:root:Using DPLL with watched literals solver.
INFO:root:Number of Variables: 50
INFO:root:Number of Clauses: 218
INFO:root:Runtime: 0.0065 seconds
INFO:root:Memory used: 0.0000 KB
INFO:root:Solving data/UUF50.218.1000/uuf50-0872.cnf
INFO:root:Using DPLL with watched literals solver.
INFO:root:Number of Variables: 50
INFO:root:Number of Clauses: 218
INFO:root:Runtime: 0.0037 seconds
INFO:root:Memory used: 0.0000 KB
INFO:root:Solving data/UUF50.218.1000/uuf50-0873.cnf
INFO:root:Using DPLL with watched literals solver.
INFO:root:Number of Variables: 50
INFO:root:Number of Clauses: 218
INFO:root:Runtime: 0.0036 seconds
INFO:root:Memory used: 0.0000 KB
INFO:root:Solving data/UUF50.218.1000/uuf50-0871.cnf
INFO:root:Using DPLL with watched literals solver.
INFO:root:Number of Variables: 50
INFO:root:Number of Clauses: 218
INFO:root:Runtime: 0.0036 seconds
INFO:root:Memory used: 0.0000 KB
INFO:root:Solving data/UUF50.218.1000/uuf50-0874.cnf
INFO:root:Using DPLL with watched literals solver.
INFO:root:Number of Variables: 50
INFO:root:Number of Clauses: 218
INFO:root:Runtime: 0.0037 seconds
INFO:root:Memory used: 0.0000 KB
INFO:root:Solving data/UUF50.218.1000/uuf50-0875.cnf
INFO:root:Using DPLL with watched literals solver.
INFO:root:Number of Variables: 50
INFO:root:Number of Clauses: 218
INFO:root:Runtime: 0.0036 seconds
INFO:root:Memory used: 0.0000 KB
INFO:root:Solving data/UUF50.218.1000/uuf50-0876.cnf
INFO:root:Using DPLL with watched literals solver.
INFO:root:Number of Variables: 50
INFO:root:Number of Clauses: 218
INFO:root:Runtime: 0.0033 seconds
INFO:root:Memory used: 0.0000 KB
INFO:root:Solving data/UUF50.218.1000/uuf50-0877.cnf
INFO:root:Using DPLL with watched literals solver.
INFO:root:Number of Variables: 50
INFO:root:Number of Clauses: 218
INFO:root:Runtime: 0.0045 seconds
INFO:root:Memory used: 0.0000 KB
INFO:root:Solving data/UUF50.218.1000/uuf50-0878.cnf
INFO:root:Using DPLL with watched literals solver.
INFO:root:Number of Variables: 50
INFO:root:Number of Clauses: 218
INFO:root:Runtime: 0.0040 seconds
INFO:root:Memory used: 0.0000 KB
INFO:root:Solving data/UUF50.218.1000/uuf50-0879.cnf
INFO:root:Using DPLL with watched literals solver.
INFO:root:Number of Variables: 50
INFO:root:Number of Clauses: 218
INFO:root:Runtime: 0.0056 seconds
INFO:root:Memory used: 0.0000 KB
INFO:root:Solving data/UUF50.218.1000/uuf50-088.cnf
INFO:root:Using DPLL with watched literals solver.
INFO:root:Number of Variables: 50
INFO:root:Number of Clauses: 218
INFO:root:Runtime: 0.0021 seconds
INFO:root:Memory used: 0.0000 KB
INFO:root:Solving data/UUF50.218.1000/uuf50-0880.cnf
INFO:root:Using DPLL with watched literals solver.
INFO:root:Number of Variables: 50
INFO:root:Number of Clauses: 218
INFO:root:Runtime: 0.0058 seconds
INFO:root:Memory used: 0.0000 KB
INFO:root:Solving data/UUF50.218.1000/uuf50-0881.cnf
INFO:root:Using DPLL with watched literals solver.
INFO:root:Number of Variables: 50
INFO:root:Number of Clauses: 218
INFO:root:Runtime: 0.0042 seconds
INFO:root:Memory used: 0.0000 KB
INFO:root:Solving data/UUF50.218.1000/uuf50-0882.cnf
INFO:root:Using DPLL with watched literals solver.
INFO:root:Number of Variables: 50
INFO:root:Number of Clauses: 218
INFO:root:Runtime: 0.0033 seconds
INFO:root:Memory used: 0.0000 KB
INFO:root:Solving data/UUF50.218.1000/uuf50-0883.cnf
INFO:root:Using DPLL with watched literals solver.
INFO:root:Number of Variables: 50
INFO:root:Number of Clauses: 218
INFO:root:Runtime: 0.0046 seconds
INFO:root:Memory used: 0.0000 KB
INFO:root:Solving data/UUF50.218.1000/uuf50-0885.cnf
INFO:root:Using DPLL with watched literals solver.
INFO:root:Number of Variables: 50
INFO:root:Number of Clauses: 218
INFO:root:Runtime: 0.0037 seconds
INFO:root:Memory used: 0.0000 KB
INFO:root:Solving data/UUF50.218.1000/uuf50-0884.cnf
INFO:root:Using DPLL with watched literals solver.
INFO:root:Number of Variables: 50
INFO:root:Number of Clauses: 218
INFO:root:Runtime: 0.0041 seconds
INFO:root:Memory used: 0.0000 KB
INFO:root:Solving data/UUF50.218.1000/uuf50-0886.cnf
INFO:root:Using DPLL with watched literals solver.
INFO:root:Number of Variables: 50
INFO:root:Number of Clauses: 218
INFO:root:Runtime: 0.0052 seconds
INFO:root:Memory used: 0.0000 KB
INFO:root:Solving data/UUF50.218.1000/uuf50-0888.cnf
INFO:root:Using DPLL with watched literals solver.
INFO:root:Number of Variables: 50
INFO:root:Number of Clauses: 218
INFO:root:Runtime: 0.0040 seconds
INFO:root:Memory used: 0.0000 KB
INFO:root:Solving data/UUF50.218.1000/uuf50-0887.cnf
INFO:root:Using DPLL with watched literals solver.
INFO:root:Number of Variables: 50
INFO:root:Number of Clauses: 218
INFO:root:Runtime: 0.0040 seconds
INFO:root:Memory used: 0.0000 KB
INFO:root:Solving data/UUF50.218.1000/uuf50-0889.cnf
INFO:root:Using DPLL with watched literals solver.
INFO:root:Number of Variables: 50
INFO:root:Number of Clauses: 218
INFO:root:Runtime: 0.0052 seconds
INFO:root:Memory used: 0.0000 KB
INFO:root:Solving data/UUF50.218.1000/uuf50-089.cnf
INFO:root:Using DPLL with watched literals solver.
INFO:root:Number of Variables: 50
INFO:root:Number of Clauses: 218
INFO:root:Runtime: 0.0026 seconds
INFO:root:Memory used: 0.0000 KB
INFO:root:Solving data/UUF50.218.1000/uuf50-0890.cnf
INFO:root:Using DPLL with watched literals solver.
INFO:root:Number of Variables: 50
INFO:root:Number of Clauses: 218
INFO:root:Runtime: 0.0046 seconds
INFO:root:Memory used: 0.0000 KB
INFO:root:Solving data/UUF50.218.1000/uuf50-0891.cnf
INFO:root:Using DPLL with watched literals solver.
INFO:root:Number of Variables: 50
INFO:root:Number of Clauses: 218
INFO:root:Runtime: 0.0051 seconds
INFO:root:Memory used: 0.0000 KB
INFO:root:Solving data/UUF50.218.1000/uuf50-0892.cnf
INFO:root:Using DPLL with watched literals solver.
INFO:root:Number of Variables: 50
INFO:root:Number of Clauses: 218
INFO:root:Runtime: 0.0052 seconds
INFO:root:Memory used: 0.0000 KB
INFO:root:Solving data/UUF50.218.1000/uuf50-0893.cnf
INFO:root:Using DPLL with watched literals solver.
INFO:root:Number of Variables: 50
INFO:root:Number of Clauses: 218
INFO:root:Runtime: 0.0056 seconds
INFO:root:Memory used: 0.0000 KB
INFO:root:Solving data/UUF50.218.1000/uuf50-0894.cnf
INFO:root:Using DPLL with watched literals solver.
INFO:root:Number of Variables: 50
INFO:root:Number of Clauses: 218
INFO:root:Runtime: 0.0040 seconds
INFO:root:Memory used: 0.0000 KB
INFO:root:Solving data/UUF50.218.1000/uuf50-0896.cnf
INFO:root:Using DPLL with watched literals solver.
INFO:root:Number of Variables: 50
INFO:root:Number of Clauses: 218
INFO:root:Runtime: 0.0048 seconds
INFO:root:Memory used: 0.0000 KB
INFO:root:Solving data/UUF50.218.1000/uuf50-0895.cnf
INFO:root:Using DPLL with watched literals solver.
INFO:root:Number of Variables: 50
INFO:root:Number of Clauses: 218
INFO:root:Runtime: 0.0025 seconds
INFO:root:Memory used: 0.0000 KB
INFO:root:Solving data/UUF50.218.1000/uuf50-0897.cnf
INFO:root:Using DPLL with watched literals solver.
INFO:root:Number of Variables: 50
INFO:root:Number of Clauses: 218
INFO:root:Runtime: 0.0044 seconds
INFO:root:Memory used: 0.0000 KB
INFO:root:Solving data/UUF50.218.1000/uuf50-0898.cnf
INFO:root:Using DPLL with watched literals solver.
INFO:root:Number of Variables: 50
INFO:root:Number of Clauses: 218
INFO:root:Runtime: 0.0037 seconds
INFO:root:Memory used: 0.0000 KB
INFO:root:Solving data/UUF50.218.1000/uuf50-0899.cnf
INFO:root:Using DPLL with watched literals solver.
INFO:root:Number of Variables: 50
INFO:root:Number of Clauses: 218
INFO:root:Runtime: 0.0052 seconds
INFO:root:Memory used: 0.0000 KB
INFO:root:Solving data/UUF50.218.1000/uuf50-09.cnf
INFO:root:Using DPLL with watched literals solver.
INFO:root:Number of Variables: 50
INFO:root:Number of Clauses: 218
INFO:root:Runtime: 0.0026 seconds
INFO:root:Memory used: 0.0000 KB
INFO:root:Solving data/UUF50.218.1000/uuf50-090.cnf
INFO:root:Using DPLL with watched literals solver.
INFO:root:Number of Variables: 50
INFO:root:Number of Clauses: 218
INFO:root:Runtime: 0.0036 seconds
INFO:root:Memory used: 0.0000 KB
INFO:root:Solving data/UUF50.218.1000/uuf50-0900.cnf
INFO:root:Using DPLL with watched literals solver.
INFO:root:Number of Variables: 50
INFO:root:Number of Clauses: 218
INFO:root:Runtime: 0.0039 seconds
INFO:root:Memory used: 0.0000 KB
INFO:root:Solving data/UUF50.218.1000/uuf50-0902.cnf
INFO:root:Using DPLL with watched literals solver.
INFO:root:Number of Variables: 50
INFO:root:Number of Clauses: 218
INFO:root:Runtime: 0.0038 seconds
INFO:root:Memory used: 0.0000 KB
INFO:root:Solving data/UUF50.218.1000/uuf50-0906.cnf
INFO:root:Using DPLL with watched literals solver.
INFO:root:Number of Variables: 50
INFO:root:Number of Clauses: 218
INFO:root:Runtime: 0.0024 seconds
INFO:root:Memory used: 0.0000 KB
INFO:root:Solving data/UUF50.218.1000/uuf50-0901.cnf
INFO:root:Using DPLL with watched literals solver.
INFO:root:Number of Variables: 50
INFO:root:Number of Clauses: 218
INFO:root:Runtime: 0.0032 seconds
INFO:root:Memory used: 0.0000 KB
INFO:root:Solving data/UUF50.218.1000/uuf50-0903.cnf
INFO:root:Using DPLL with watched literals solver.
INFO:root:Number of Variables: 50
INFO:root:Number of Clauses: 218
INFO:root:Runtime: 0.0056 seconds
INFO:root:Memory used: 0.0000 KB
INFO:root:Solving data/UUF50.218.1000/uuf50-0905.cnf
INFO:root:Using DPLL with watched literals solver.
INFO:root:Number of Variables: 50
INFO:root:Number of Clauses: 218
INFO:root:Runtime: 0.0030 seconds
INFO:root:Memory used: 0.0000 KB
INFO:root:Solving data/UUF50.218.1000/uuf50-0904.cnf
INFO:root:Using DPLL with watched literals solver.
INFO:root:Number of Variables: 50
INFO:root:Number of Clauses: 218
INFO:root:Runtime: 0.0042 seconds
INFO:root:Memory used: 0.0000 KB
INFO:root:Solving data/UUF50.218.1000/uuf50-0907.cnf
INFO:root:Using DPLL with watched literals solver.
INFO:root:Number of Variables: 50
INFO:root:Number of Clauses: 218
INFO:root:Runtime: 0.0034 seconds
INFO:root:Memory used: 0.0000 KB
INFO:root:Solving data/UUF50.218.1000/uuf50-0909.cnf
INFO:root:Using DPLL with watched literals solver.
INFO:root:Number of Variables: 50
INFO:root:Number of Clauses: 218
INFO:root:Runtime: 0.0059 seconds
INFO:root:Memory used: 0.0000 KB
INFO:root:Solving data/UUF50.218.1000/uuf50-0908.cnf
INFO:root:Using DPLL with watched literals solver.
INFO:root:Number of Variables: 50
INFO:root:Number of Clauses: 218
INFO:root:Runtime: 0.0048 seconds
INFO:root:Memory used: 0.0000 KB
INFO:root:Solving data/UUF50.218.1000/uuf50-091.cnf
INFO:root:Using DPLL with watched literals solver.
INFO:root:Number of Variables: 50
INFO:root:Number of Clauses: 218
INFO:root:Runtime: 0.0024 seconds
INFO:root:Memory used: 0.0000 KB
INFO:root:Solving data/UUF50.218.1000/uuf50-0910.cnf
INFO:root:Using DPLL with watched literals solver.
INFO:root:Number of Variables: 50
INFO:root:Number of Clauses: 218
INFO:root:Runtime: 0.0047 seconds
INFO:root:Memory used: 0.0000 KB
INFO:root:Solving data/UUF50.218.1000/uuf50-0912.cnf
INFO:root:Using DPLL with watched literals solver.
INFO:root:Number of Variables: 50
INFO:root:Number of Clauses: 218
INFO:root:Runtime: 0.0026 seconds
INFO:root:Memory used: 0.0000 KB
INFO:root:Solving data/UUF50.218.1000/uuf50-0911.cnf
INFO:root:Using DPLL with watched literals solver.
INFO:root:Number of Variables: 50
INFO:root:Number of Clauses: 218
INFO:root:Runtime: 0.0041 seconds
INFO:root:Memory used: 0.0000 KB
INFO:root:Solving data/UUF50.218.1000/uuf50-0913.cnf
INFO:root:Using DPLL with watched literals solver.
INFO:root:Number of Variables: 50
INFO:root:Number of Clauses: 218
INFO:root:Runtime: 0.0056 seconds
INFO:root:Memory used: 0.0000 KB
INFO:root:Solving data/UUF50.218.1000/uuf50-0914.cnf
INFO:root:Using DPLL with watched literals solver.
INFO:root:Number of Variables: 50
INFO:root:Number of Clauses: 218
INFO:root:Runtime: 0.0041 seconds
INFO:root:Memory used: 0.0000 KB
INFO:root:Solving data/UUF50.218.1000/uuf50-0915.cnf
INFO:root:Using DPLL with watched literals solver.
INFO:root:Number of Variables: 50
INFO:root:Number of Clauses: 218
INFO:root:Runtime: 0.0026 seconds
INFO:root:Memory used: 0.0000 KB
INFO:root:Solving data/UUF50.218.1000/uuf50-0917.cnf
INFO:root:Using DPLL with watched literals solver.
INFO:root:Number of Variables: 50
INFO:root:Number of Clauses: 218
INFO:root:Runtime: 0.0073 seconds
INFO:root:Memory used: 0.0000 KB
INFO:root:Solving data/UUF50.218.1000/uuf50-0916.cnf
INFO:root:Using DPLL with watched literals solver.
INFO:root:Number of Variables: 50
INFO:root:Number of Clauses: 218
INFO:root:Runtime: 0.0042 seconds
INFO:root:Memory used: 0.0000 KB
INFO:root:Solving data/UUF50.218.1000/uuf50-0919.cnf
INFO:root:Using DPLL with watched literals solver.
INFO:root:Number of Variables: 50
INFO:root:Number of Clauses: 218
INFO:root:Runtime: 0.0044 seconds
INFO:root:Memory used: 0.0000 KB
INFO:root:Solving data/UUF50.218.1000/uuf50-0918.cnf
INFO:root:Using DPLL with watched literals solver.
INFO:root:Number of Variables: 50
INFO:root:Number of Clauses: 218
INFO:root:Runtime: 0.0057 seconds
INFO:root:Memory used: 0.0000 KB
INFO:root:Solving data/UUF50.218.1000/uuf50-0921.cnf
INFO:root:Using DPLL with watched literals solver.
INFO:root:Number of Variables: 50
INFO:root:Number of Clauses: 218
INFO:root:Runtime: 0.0035 seconds
INFO:root:Memory used: 0.0000 KB
INFO:root:Solving data/UUF50.218.1000/uuf50-0920.cnf
INFO:root:Using DPLL with watched literals solver.
INFO:root:Number of Variables: 50
INFO:root:Number of Clauses: 218
INFO:root:Runtime: 0.0039 seconds
INFO:root:Memory used: 0.0000 KB
INFO:root:Solving data/UUF50.218.1000/uuf50-0922.cnf
INFO:root:Using DPLL with watched literals solver.
INFO:root:Number of Variables: 50
INFO:root:Number of Clauses: 218
INFO:root:Runtime: 0.0036 seconds
INFO:root:Memory used: 0.0000 KB
INFO:root:Solving data/UUF50.218.1000/uuf50-0923.cnf
INFO:root:Using DPLL with watched literals solver.
INFO:root:Number of Variables: 50
INFO:root:Number of Clauses: 218
INFO:root:Runtime: 0.0024 seconds
INFO:root:Memory used: 0.0000 KB
INFO:root:Solving data/UUF50.218.1000/uuf50-0924.cnf
INFO:root:Using DPLL with watched literals solver.
INFO:root:Number of Variables: 50
INFO:root:Number of Clauses: 218
INFO:root:Runtime: 0.0034 seconds
INFO:root:Memory used: 0.0000 KB
INFO:root:Solving data/UUF50.218.1000/uuf50-0925.cnf
INFO:root:Using DPLL with watched literals solver.
INFO:root:Number of Variables: 50
INFO:root:Number of Clauses: 218
INFO:root:Runtime: 0.0044 seconds
INFO:root:Memory used: 0.0000 KB
INFO:root:Solving data/UUF50.218.1000/uuf50-0926.cnf
INFO:root:Using DPLL with watched literals solver.
INFO:root:Number of Variables: 50
INFO:root:Number of Clauses: 218
INFO:root:Runtime: 0.0032 seconds
INFO:root:Memory used: 0.0000 KB
INFO:root:Solving data/UUF50.218.1000/uuf50-0928.cnf
INFO:root:Using DPLL with watched literals solver.
INFO:root:Number of Variables: 50
INFO:root:Number of Clauses: 218
INFO:root:Runtime: 0.0039 seconds
INFO:root:Memory used: 0.0000 KB
INFO:root:Solving data/UUF50.218.1000/uuf50-0927.cnf
INFO:root:Using DPLL with watched literals solver.
INFO:root:Number of Variables: 50
INFO:root:Number of Clauses: 218
INFO:root:Runtime: 0.0060 seconds
INFO:root:Memory used: 0.0000 KB
INFO:root:Solving data/UUF50.218.1000/uuf50-0929.cnf
INFO:root:Using DPLL with watched literals solver.
INFO:root:Number of Variables: 50
INFO:root:Number of Clauses: 218
INFO:root:Runtime: 0.0045 seconds
INFO:root:Memory used: 0.0000 KB
INFO:root:Solving data/UUF50.218.1000/uuf50-093.cnf
INFO:root:Using DPLL with watched literals solver.
INFO:root:Number of Variables: 50
INFO:root:Number of Clauses: 218
INFO:root:Runtime: 0.0030 seconds
INFO:root:Memory used: 0.0000 KB
INFO:root:Solving data/UUF50.218.1000/uuf50-0930.cnf
INFO:root:Using DPLL with watched literals solver.
INFO:root:Number of Variables: 50
INFO:root:Number of Clauses: 218
INFO:root:Runtime: 0.0040 seconds
INFO:root:Memory used: 0.0000 KB
INFO:root:Solving data/UUF50.218.1000/uuf50-0931.cnf
INFO:root:Using DPLL with watched literals solver.
INFO:root:Number of Variables: 50
INFO:root:Number of Clauses: 218
INFO:root:Runtime: 0.0055 seconds
INFO:root:Memory used: 0.0000 KB
INFO:root:Solving data/UUF50.218.1000/uuf50-0932.cnf
INFO:root:Using DPLL with watched literals solver.
INFO:root:Number of Variables: 50
INFO:root:Number of Clauses: 218
INFO:root:Runtime: 0.0019 seconds
INFO:root:Memory used: 0.0000 KB
INFO:root:Solving data/UUF50.218.1000/uuf50-0933.cnf
INFO:root:Using DPLL with watched literals solver.
INFO:root:Number of Variables: 50
INFO:root:Number of Clauses: 218
INFO:root:Runtime: 0.0041 seconds
INFO:root:Memory used: 0.0000 KB
INFO:root:Solving data/UUF50.218.1000/uuf50-0934.cnf
INFO:root:Using DPLL with watched literals solver.
INFO:root:Number of Variables: 50
INFO:root:Number of Clauses: 218
INFO:root:Runtime: 0.0038 seconds
INFO:root:Memory used: 0.0000 KB
INFO:root:Solving data/UUF50.218.1000/uuf50-0936.cnf
INFO:root:Using DPLL with watched literals solver.
INFO:root:Number of Variables: 50
INFO:root:Number of Clauses: 218
INFO:root:Runtime: 0.0061 seconds
INFO:root:Memory used: 0.0000 KB
INFO:root:Solving data/UUF50.218.1000/uuf50-0935.cnf
INFO:root:Using DPLL with watched literals solver.
INFO:root:Number of Variables: 50
INFO:root:Number of Clauses: 218
INFO:root:Runtime: 0.0043 seconds
INFO:root:Memory used: 0.0000 KB
INFO:root:Solving data/UUF50.218.1000/uuf50-0937.cnf
INFO:root:Using DPLL with watched literals solver.
INFO:root:Number of Variables: 50
INFO:root:Number of Clauses: 218
INFO:root:Runtime: 0.0035 seconds
INFO:root:Memory used: 0.0000 KB
INFO:root:Solving data/UUF50.218.1000/uuf50-0938.cnf
INFO:root:Using DPLL with watched literals solver.
INFO:root:Number of Variables: 50
INFO:root:Number of Clauses: 218
INFO:root:Runtime: 0.0035 seconds
INFO:root:Memory used: 0.0000 KB
INFO:root:Solving data/UUF50.218.1000/uuf50-0939.cnf
INFO:root:Using DPLL with watched literals solver.
INFO:root:Number of Variables: 50
INFO:root:Number of Clauses: 218
INFO:root:Runtime: 0.0040 seconds
INFO:root:Memory used: 0.0000 KB
INFO:root:Solving data/UUF50.218.1000/uuf50-094.cnf
INFO:root:Using DPLL with watched literals solver.
INFO:root:Number of Variables: 50
INFO:root:Number of Clauses: 218
INFO:root:Runtime: 0.0045 seconds
INFO:root:Memory used: 0.0000 KB
INFO:root:Solving data/UUF50.218.1000/uuf50-0940.cnf
INFO:root:Using DPLL with watched literals solver.
INFO:root:Number of Variables: 50
INFO:root:Number of Clauses: 218
INFO:root:Runtime: 0.0063 seconds
INFO:root:Memory used: 0.0000 KB
INFO:root:Solving data/UUF50.218.1000/uuf50-0941.cnf
INFO:root:Using DPLL with watched literals solver.
INFO:root:Number of Variables: 50
INFO:root:Number of Clauses: 218
INFO:root:Runtime: 0.0031 seconds
INFO:root:Memory used: 0.0000 KB
INFO:root:Solving data/UUF50.218.1000/uuf50-0942.cnf
INFO:root:Using DPLL with watched literals solver.
INFO:root:Number of Variables: 50
INFO:root:Number of Clauses: 218
INFO:root:Runtime: 0.0049 seconds
INFO:root:Memory used: 0.0000 KB
INFO:root:Solving data/UUF50.218.1000/uuf50-0943.cnf
INFO:root:Using DPLL with watched literals solver.
INFO:root:Number of Variables: 50
INFO:root:Number of Clauses: 218
INFO:root:Runtime: 0.0034 seconds
INFO:root:Memory used: 0.0000 KB
INFO:root:Solving data/UUF50.218.1000/uuf50-0944.cnf
INFO:root:Using DPLL with watched literals solver.
INFO:root:Number of Variables: 50
INFO:root:Number of Clauses: 218
INFO:root:Runtime: 0.0044 seconds
INFO:root:Memory used: 0.0000 KB
INFO:root:Solving data/UUF50.218.1000/uuf50-0945.cnf
INFO:root:Using DPLL with watched literals solver.
INFO:root:Number of Variables: 50
INFO:root:Number of Clauses: 218
INFO:root:Runtime: 0.0035 seconds
INFO:root:Memory used: 0.0000 KB
INFO:root:Solving data/UUF50.218.1000/uuf50-0946.cnf
INFO:root:Using DPLL with watched literals solver.
INFO:root:Number of Variables: 50
INFO:root:Number of Clauses: 218
INFO:root:Runtime: 0.0061 seconds
INFO:root:Memory used: 0.0000 KB
INFO:root:Solving data/UUF50.218.1000/uuf50-0947.cnf
INFO:root:Using DPLL with watched literals solver.
INFO:root:Number of Variables: 50
INFO:root:Number of Clauses: 218
INFO:root:Runtime: 0.0043 seconds
INFO:root:Memory used: 0.0000 KB
INFO:root:Solving data/UUF50.218.1000/uuf50-0948.cnf
INFO:root:Using DPLL with watched literals solver.
INFO:root:Number of Variables: 50
INFO:root:Number of Clauses: 218
INFO:root:Runtime: 0.0024 seconds
INFO:root:Memory used: 0.0000 KB
INFO:root:Solving data/UUF50.218.1000/uuf50-0949.cnf
INFO:root:Using DPLL with watched literals solver.
INFO:root:Number of Variables: 50
INFO:root:Number of Clauses: 218
INFO:root:Runtime: 0.0043 seconds
INFO:root:Memory used: 0.0000 KB
INFO:root:Solving data/UUF50.218.1000/uuf50-095.cnf
INFO:root:Using DPLL with watched literals solver.
INFO:root:Number of Variables: 50
INFO:root:Number of Clauses: 218
INFO:root:Runtime: 0.0045 seconds
INFO:root:Memory used: 0.0000 KB
INFO:root:Solving data/UUF50.218.1000/uuf50-0950.cnf
INFO:root:Using DPLL with watched literals solver.
INFO:root:Number of Variables: 50
INFO:root:Number of Clauses: 218
INFO:root:Runtime: 0.0050 seconds
INFO:root:Memory used: 0.0000 KB
INFO:root:Solving data/UUF50.218.1000/uuf50-0951.cnf
INFO:root:Using DPLL with watched literals solver.
INFO:root:Number of Variables: 50
INFO:root:Number of Clauses: 218
INFO:root:Runtime: 0.0034 seconds
INFO:root:Memory used: 0.0000 KB
INFO:root:Solving data/UUF50.218.1000/uuf50-0952.cnf
INFO:root:Using DPLL with watched literals solver.
INFO:root:Number of Variables: 50
INFO:root:Number of Clauses: 218
INFO:root:Runtime: 0.0049 seconds
INFO:root:Memory used: 0.0000 KB
INFO:root:Solving data/UUF50.218.1000/uuf50-0954.cnf
INFO:root:Using DPLL with watched literals solver.
INFO:root:Number of Variables: 50
INFO:root:Number of Clauses: 218
INFO:root:Runtime: 0.0056 seconds
INFO:root:Memory used: 0.0000 KB
INFO:root:Solving data/UUF50.218.1000/uuf50-0955.cnf
INFO:root:Using DPLL with watched literals solver.
INFO:root:Number of Variables: 50
INFO:root:Number of Clauses: 218
INFO:root:Runtime: 0.0058 seconds
INFO:root:Memory used: 0.0000 KB
INFO:root:Solving data/UUF50.218.1000/uuf50-0953.cnf
INFO:root:Using DPLL with watched literals solver.
INFO:root:Number of Variables: 50
INFO:root:Number of Clauses: 218
INFO:root:Runtime: 0.0036 seconds
INFO:root:Memory used: 0.0000 KB
INFO:root:Solving data/UUF50.218.1000/uuf50-0956.cnf
INFO:root:Using DPLL with watched literals solver.
INFO:root:Number of Variables: 50
INFO:root:Number of Clauses: 218
INFO:root:Runtime: 0.0039 seconds
INFO:root:Memory used: 0.0000 KB
INFO:root:Solving data/UUF50.218.1000/uuf50-0957.cnf
INFO:root:Using DPLL with watched literals solver.
INFO:root:Number of Variables: 50
INFO:root:Number of Clauses: 218
INFO:root:Runtime: 0.0045 seconds
INFO:root:Memory used: 0.0000 KB
INFO:root:Solving data/UUF50.218.1000/uuf50-0958.cnf
INFO:root:Using DPLL with watched literals solver.
INFO:root:Number of Variables: 50
INFO:root:Number of Clauses: 218
INFO:root:Runtime: 0.0048 seconds
INFO:root:Memory used: 0.0000 KB
INFO:root:Solving data/UUF50.218.1000/uuf50-096.cnf
INFO:root:Using DPLL with watched literals solver.
INFO:root:Number of Variables: 50
INFO:root:Number of Clauses: 218
INFO:root:Runtime: 0.0055 seconds
INFO:root:Memory used: 0.0000 KB
INFO:root:Solving data/UUF50.218.1000/uuf50-0959.cnf
INFO:root:Using DPLL with watched literals solver.
INFO:root:Number of Variables: 50
INFO:root:Number of Clauses: 218
INFO:root:Runtime: 0.0043 seconds
INFO:root:Memory used: 0.0000 KB
INFO:root:Solving data/UUF50.218.1000/uuf50-0960.cnf
INFO:root:Using DPLL with watched literals solver.
INFO:root:Number of Variables: 50
INFO:root:Number of Clauses: 218
INFO:root:Runtime: 0.0038 seconds
INFO:root:Memory used: 0.0000 KB
INFO:root:Solving data/UUF50.218.1000/uuf50-0961.cnf
INFO:root:Using DPLL with watched literals solver.
INFO:root:Number of Variables: 50
INFO:root:Number of Clauses: 218
INFO:root:Runtime: 0.0052 seconds
INFO:root:Memory used: 0.0000 KB
INFO:root:Solving data/UUF50.218.1000/uuf50-0963.cnf
INFO:root:Using DPLL with watched literals solver.
INFO:root:Number of Variables: 50
INFO:root:Number of Clauses: 218
INFO:root:Runtime: 0.0025 seconds
INFO:root:Memory used: 0.0000 KB
INFO:root:Solving data/UUF50.218.1000/uuf50-0964.cnf
INFO:root:Using DPLL with watched literals solver.
INFO:root:Number of Variables: 50
INFO:root:Number of Clauses: 218
INFO:root:Runtime: 0.0019 seconds
INFO:root:Memory used: 0.0000 KB
INFO:root:Solving data/UUF50.218.1000/uuf50-0962.cnf
INFO:root:Using DPLL with watched literals solver.
INFO:root:Number of Variables: 50
INFO:root:Number of Clauses: 218
INFO:root:Runtime: 0.0060 seconds
INFO:root:Memory used: 0.0000 KB
INFO:root:Solving data/UUF50.218.1000/uuf50-0965.cnf
INFO:root:Using DPLL with watched literals solver.
INFO:root:Number of Variables: 50
INFO:root:Number of Clauses: 218
INFO:root:Runtime: 0.0057 seconds
INFO:root:Memory used: 0.0000 KB
INFO:root:Solving data/UUF50.218.1000/uuf50-0967.cnf
INFO:root:Using DPLL with watched literals solver.
INFO:root:Number of Variables: 50
INFO:root:Number of Clauses: 218
INFO:root:Runtime: 0.0053 seconds
INFO:root:Memory used: 0.0000 KB
INFO:root:Solving data/UUF50.218.1000/uuf50-0968.cnf
INFO:root:Using DPLL with watched literals solver.
INFO:root:Number of Variables: 50
INFO:root:Number of Clauses: 218
INFO:root:Runtime: 0.0032 seconds
INFO:root:Memory used: 0.0000 KB
INFO:root:Solving data/UUF50.218.1000/uuf50-0966.cnf
INFO:root:Using DPLL with watched literals solver.
INFO:root:Number of Variables: 50
INFO:root:Number of Clauses: 218
INFO:root:Runtime: 0.0030 seconds
INFO:root:Memory used: 0.0000 KB
INFO:root:Solving data/UUF50.218.1000/uuf50-0969.cnf
INFO:root:Using DPLL with watched literals solver.
INFO:root:Number of Variables: 50
INFO:root:Number of Clauses: 218
INFO:root:Runtime: 0.0041 seconds
INFO:root:Memory used: 0.0000 KB
INFO:root:Solving data/UUF50.218.1000/uuf50-0970.cnf
INFO:root:Using DPLL with watched literals solver.
INFO:root:Number of Variables: 50
INFO:root:Number of Clauses: 218
INFO:root:Runtime: 0.0038 seconds
INFO:root:Memory used: 0.0000 KB
INFO:root:Solving data/UUF50.218.1000/uuf50-097.cnf
INFO:root:Using DPLL with watched literals solver.
INFO:root:Number of Variables: 50
INFO:root:Number of Clauses: 218
INFO:root:Runtime: 0.0054 seconds
INFO:root:Memory used: 0.0000 KB
INFO:root:Solving data/UUF50.218.1000/uuf50-0971.cnf
INFO:root:Using DPLL with watched literals solver.
INFO:root:Number of Variables: 50
INFO:root:Number of Clauses: 218
INFO:root:Runtime: 0.0039 seconds
INFO:root:Memory used: 0.0000 KB
INFO:root:Solving data/UUF50.218.1000/uuf50-0973.cnf
INFO:root:Using DPLL with watched literals solver.
INFO:root:Number of Variables: 50
INFO:root:Number of Clauses: 218
INFO:root:Runtime: 0.0040 seconds
INFO:root:Memory used: 0.0000 KB
INFO:root:Solving data/UUF50.218.1000/uuf50-0972.cnf
INFO:root:Using DPLL with watched literals solver.
INFO:root:Number of Variables: 50
INFO:root:Number of Clauses: 218
INFO:root:Runtime: 0.0035 seconds
INFO:root:Memory used: 0.0000 KB
INFO:root:Solving data/UUF50.218.1000/uuf50-0974.cnf
INFO:root:Using DPLL with watched literals solver.
INFO:root:Number of Variables: 50
INFO:root:Number of Clauses: 218
INFO:root:Runtime: 0.0035 seconds
INFO:root:Memory used: 0.0000 KB
INFO:root:Solving data/UUF50.218.1000/uuf50-0975.cnf
INFO:root:Using DPLL with watched literals solver.
INFO:root:Number of Variables: 50
INFO:root:Number of Clauses: 218
INFO:root:Runtime: 0.0032 seconds
INFO:root:Memory used: 0.0000 KB
INFO:root:Solving data/UUF50.218.1000/uuf50-0976.cnf
INFO:root:Using DPLL with watched literals solver.
INFO:root:Number of Variables: 50
INFO:root:Number of Clauses: 218
INFO:root:Runtime: 0.0051 seconds
INFO:root:Memory used: 0.0000 KB
INFO:root:Solving data/UUF50.218.1000/uuf50-0978.cnf
INFO:root:Using DPLL with watched literals solver.
INFO:root:Number of Variables: 50
INFO:root:Number of Clauses: 218
INFO:root:Runtime: 0.0044 seconds
INFO:root:Memory used: 0.0000 KB
INFO:root:Solving data/UUF50.218.1000/uuf50-0977.cnf
INFO:root:Using DPLL with watched literals solver.
INFO:root:Number of Variables: 50
INFO:root:Number of Clauses: 218
INFO:root:Runtime: 0.0059 seconds
INFO:root:Memory used: 0.0000 KB
INFO:root:Solving data/UUF50.218.1000/uuf50-0979.cnf
INFO:root:Using DPLL with watched literals solver.
INFO:root:Number of Variables: 50
INFO:root:Number of Clauses: 218
INFO:root:Runtime: 0.0036 seconds
INFO:root:Memory used: 0.0000 KB
INFO:root:Solving data/UUF50.218.1000/uuf50-0980.cnf
INFO:root:Using DPLL with watched literals solver.
INFO:root:Number of Variables: 50
INFO:root:Number of Clauses: 218
INFO:root:Runtime: 0.0049 seconds
INFO:root:Memory used: 0.0000 KB
INFO:root:Solving data/UUF50.218.1000/uuf50-098.cnf
INFO:root:Using DPLL with watched literals solver.
INFO:root:Number of Variables: 50
INFO:root:Number of Clauses: 218
INFO:root:Runtime: 0.0051 seconds
INFO:root:Memory used: 0.0000 KB
INFO:root:Solving data/UUF50.218.1000/uuf50-0981.cnf
INFO:root:Using DPLL with watched literals solver.
INFO:root:Number of Variables: 50
INFO:root:Number of Clauses: 218
INFO:root:Runtime: 0.0050 seconds
INFO:root:Memory used: 0.0000 KB
INFO:root:Solving data/UUF50.218.1000/uuf50-0982.cnf
INFO:root:Using DPLL with watched literals solver.
INFO:root:Number of Variables: 50
INFO:root:Number of Clauses: 218
INFO:root:Runtime: 0.0060 seconds
INFO:root:Memory used: 0.0000 KB
INFO:root:Solving data/UUF50.218.1000/uuf50-0984.cnf
INFO:root:Using DPLL with watched literals solver.
INFO:root:Number of Variables: 50
INFO:root:Number of Clauses: 218
INFO:root:Runtime: 0.0041 seconds
INFO:root:Memory used: 0.0000 KB
INFO:root:Solving data/UUF50.218.1000/uuf50-0983.cnf
INFO:root:Using DPLL with watched literals solver.
INFO:root:Number of Variables: 50
INFO:root:Number of Clauses: 218
INFO:root:Runtime: 0.0025 seconds
INFO:root:Memory used: 0.0000 KB
INFO:root:Solving data/UUF50.218.1000/uuf50-0986.cnf
INFO:root:Using DPLL with watched literals solver.
INFO:root:Number of Variables: 50
INFO:root:Number of Clauses: 218
INFO:root:Runtime: 0.0035 seconds
INFO:root:Memory used: 0.0000 KB
INFO:root:Solving data/UUF50.218.1000/uuf50-0987.cnf
INFO:root:Using DPLL with watched literals solver.
INFO:root:Number of Variables: 50
INFO:root:Number of Clauses: 218
INFO:root:Runtime: 0.0032 seconds
INFO:root:Memory used: 0.0000 KB
INFO:root:Solving data/UUF50.218.1000/uuf50-0985.cnf
INFO:root:Using DPLL with watched literals solver.
INFO:root:Number of Variables: 50
INFO:root:Number of Clauses: 218
INFO:root:Runtime: 0.0061 seconds
INFO:root:Memory used: 0.0000 KB
INFO:root:Solving data/UUF50.218.1000/uuf50-0990.cnf
INFO:root:Using DPLL with watched literals solver.
INFO:root:Number of Variables: 50
INFO:root:Number of Clauses: 218
INFO:root:Runtime: 0.0041 seconds
INFO:root:Memory used: 0.0000 KB
INFO:root:Solving data/UUF50.218.1000/uuf50-0989.cnf
INFO:root:Using DPLL with watched literals solver.
INFO:root:Number of Variables: 50
INFO:root:Number of Clauses: 218
INFO:root:Runtime: 0.0039 seconds
INFO:root:Memory used: 0.0000 KB
INFO:root:Solving data/UUF50.218.1000/uuf50-099.cnf
INFO:root:Using DPLL with watched literals solver.
INFO:root:Number of Variables: 50
INFO:root:Number of Clauses: 218
INFO:root:Runtime: 0.0088 seconds
INFO:root:Memory used: 0.0000 KB
INFO:root:Solving data/UUF50.218.1000/uuf50-0988.cnf
INFO:root:Using DPLL with watched literals solver.
INFO:root:Number of Variables: 50
INFO:root:Number of Clauses: 218
INFO:root:Runtime: 0.0043 seconds
INFO:root:Memory used: 0.0000 KB
INFO:root:Solving data/UUF50.218.1000/uuf50-0992.cnf
INFO:root:Using DPLL with watched literals solver.
INFO:root:Number of Variables: 50
INFO:root:Number of Clauses: 218
INFO:root:Runtime: 0.0052 seconds
INFO:root:Memory used: 0.0000 KB
INFO:root:Solving data/UUF50.218.1000/uuf50-0991.cnf
INFO:root:Using DPLL with watched literals solver.
INFO:root:Number of Variables: 50
INFO:root:Number of Clauses: 218
INFO:root:Runtime: 0.0070 seconds
INFO:root:Memory used: 0.0000 KB
INFO:root:Solving data/UUF50.218.1000/uuf50-0993.cnf
INFO:root:Using DPLL with watched literals solver.
INFO:root:Number of Variables: 50
INFO:root:Number of Clauses: 218
INFO:root:Runtime: 0.0053 seconds
INFO:root:Memory used: 0.0000 KB
INFO:root:Solving data/UUF50.218.1000/uuf50-0994.cnf
INFO:root:Using DPLL with watched literals solver.
INFO:root:Number of Variables: 50
INFO:root:Number of Clauses: 218
INFO:root:Runtime: 0.0030 seconds
INFO:root:Memory used: 0.0000 KB
INFO:root:Solving data/UUF50.218.1000/uuf50-0995.cnf
INFO:root:Using DPLL with watched literals solver.
INFO:root:Number of Variables: 50
INFO:root:Number of Clauses: 218
INFO:root:Runtime: 0.0032 seconds
INFO:root:Memory used: 0.0000 KB
INFO:root:Solving data/UUF50.218.1000/uuf50-0997.cnf
INFO:root:Using DPLL with watched literals solver.
INFO:root:Number of Variables: 50
INFO:root:Number of Clauses: 218
INFO:root:Runtime: 0.0033 seconds
INFO:root:Memory used: 0.0000 KB
INFO:root:Solving data/UUF50.218.1000/uuf50-0996.cnf
INFO:root:Using DPLL with watched literals solver.
INFO:root:Number of Variables: 50
INFO:root:Number of Clauses: 218
INFO:root:Runtime: 0.0032 seconds
INFO:root:Memory used: 0.0000 KB
INFO:root:Solving data/UUF50.218.1000/uuf50-0998.cnf
INFO:root:Using DPLL with watched literals solver.
INFO:root:Number of Variables: 50
INFO:root:Number of Clauses: 218
INFO:root:Runtime: 0.0031 seconds
INFO:root:Memory used: 0.0000 KB
INFO:root:Solving data/UUF50.218.1000/uuf50-0999.cnf
INFO:root:Using DPLL with watched literals solver.
INFO:root:Number of Variables: 50
INFO:root:Number of Clauses: 218
INFO:root:Runtime: 0.0040 seconds
INFO:root:Memory used: 0.0000 KB
INFO:root:Average Runtime: 0.0043 seconds
INFO:root:Average Memory Usage: 0.4480 KB
INFO:root:Peak Runtime: 0.0690 seconds
INFO:root:Peak Memory Usage: 448.0000 KB
INFO:root:All SAT problems in the folder were solved successfully.
